INFO:     Started server process [44632]
INFO:     Waiting for application startup.
INFO:     Application startup complete.
INFO:     Uvicorn running on http://127.0.0.1:8000 (Press CTRL+C to quit)
INFO:     127.0.0.1:50402 - "GET / HTTP/1.1" 404 Not Found
INFO:     127.0.0.1:50402 - "GET /favicon.ico HTTP/1.1" 404 Not Found
INFO:     127.0.0.1:50410 - "POST /api/v1/auth/login HTTP/1.1" 500 Internal Server Error
ERROR:    Exception in ASGI application
Traceback (most recent call last):
  File "/Users/mac/.pyenv/versions/3.11.9/lib/python3.11/site-packages/uvicorn/protocols/http/httptools_impl.py", line 422, in run_asgi
    result = await app(  # type: ignore[func-returns-value]
             ^^^^^^^^^^^^^^^^^^^^^^^^^^^^^^^^^^^^^^^^^^^^^^
  File "/Users/mac/.pyenv/versions/3.11.9/lib/python3.11/site-packages/uvicorn/middleware/proxy_headers.py", line 63, in __call__
    return await self.app(scope, receive, send)
           ^^^^^^^^^^^^^^^^^^^^^^^^^^^^^^^^^^^^
  File "/Users/mac/.pyenv/versions/3.11.9/lib/python3.11/site-packages/fastapi/applications.py", line 1163, in __call__
    await super().__call__(scope, receive, send)
  File "/Users/mac/.pyenv/versions/3.11.9/lib/python3.11/site-packages/starlette/applications.py", line 90, in __call__
    await self.middleware_stack(scope, receive, send)
  File "/Users/mac/.pyenv/versions/3.11.9/lib/python3.11/site-packages/starlette/middleware/errors.py", line 186, in __call__
    raise exc
  File "/Users/mac/.pyenv/versions/3.11.9/lib/python3.11/site-packages/starlette/middleware/errors.py", line 164, in __call__
    await self.app(scope, receive, _send)
  File "/Users/mac/.pyenv/versions/3.11.9/lib/python3.11/site-packages/starlette/middleware/exceptions.py", line 63, in __call__
    await wrap_app_handling_exceptions(self.app, conn)(scope, receive, send)
  File "/Users/mac/.pyenv/versions/3.11.9/lib/python3.11/site-packages/starlette/_exception_handler.py", line 53, in wrapped_app
    raise exc
  File "/Users/mac/.pyenv/versions/3.11.9/lib/python3.11/site-packages/starlette/_exception_handler.py", line 42, in wrapped_app
    await app(scope, receive, sender)
  File "/Users/mac/.pyenv/versions/3.11.9/lib/python3.11/site-packages/fastapi/middleware/asyncexitstack.py", line 18, in __call__
    await self.app(scope, receive, send)
  File "/Users/mac/.pyenv/versions/3.11.9/lib/python3.11/site-packages/starlette/routing.py", line 660, in __call__
    await self.middleware_stack(scope, receive, send)
  File "/Users/mac/.pyenv/versions/3.11.9/lib/python3.11/site-packages/fastapi/routing.py", line 2683, in app
    await route.handle(scope, receive, send)
  File "/Users/mac/.pyenv/versions/3.11.9/lib/python3.11/site-packages/fastapi/routing.py", line 1753, in handle
    await self.original_router.handle(scope, receive, send)
  File "/Users/mac/.pyenv/versions/3.11.9/lib/python3.11/site-packages/fastapi/routing.py", line 2738, in handle
    await included_router._handle_selected(scope, receive, send)
  File "/Users/mac/.pyenv/versions/3.11.9/lib/python3.11/site-packages/fastapi/routing.py", line 1764, in _handle_selected
    await route.handle(scope, receive, send)
  File "/Users/mac/.pyenv/versions/3.11.9/lib/python3.11/site-packages/fastapi/routing.py", line 1753, in handle
    await self.original_router.handle(scope, receive, send)
  File "/Users/mac/.pyenv/versions/3.11.9/lib/python3.11/site-packages/fastapi/routing.py", line 2738, in handle
    await included_router._handle_selected(scope, receive, send)
  File "/Users/mac/.pyenv/versions/3.11.9/lib/python3.11/site-packages/fastapi/routing.py", line 1773, in _handle_selected
    await original_route.handle(scope, receive, send)
  File "/Users/mac/.pyenv/versions/3.11.9/lib/python3.11/site-packages/fastapi/routing.py", line 1264, in handle
    await app(scope, receive, send)
  File "/Users/mac/.pyenv/versions/3.11.9/lib/python3.11/site-packages/fastapi/routing.py", line 150, in app
    await wrap_app_handling_exceptions(app, request)(scope, receive, send)
  File "/Users/mac/.pyenv/versions/3.11.9/lib/python3.11/site-packages/starlette/_exception_handler.py", line 53, in wrapped_app
    raise exc
  File "/Users/mac/.pyenv/versions/3.11.9/lib/python3.11/site-packages/starlette/_exception_handler.py", line 42, in wrapped_app
    await app(scope, receive, sender)
  File "/Users/mac/.pyenv/versions/3.11.9/lib/python3.11/site-packages/fastapi/routing.py", line 136, in app
    response = await f(request)
               ^^^^^^^^^^^^^^^^
  File "/Users/mac/.pyenv/versions/3.11.9/lib/python3.11/site-packages/fastapi/routing.py", line 690, in app
    raw_response = await run_endpoint_function(
                   ^^^^^^^^^^^^^^^^^^^^^^^^^^^^
  File "/Users/mac/.pyenv/versions/3.11.9/lib/python3.11/site-packages/fastapi/routing.py", line 344, in run_endpoint_function
    return await dependant.call(**values)
           ^^^^^^^^^^^^^^^^^^^^^^^^^^^^^^
  File "/Users/mac/Documents/Stage-ML/ai-adaptive-learning-platform/backend/app/api/v1/routers/auth.py", line 17, in login
    access, refresh = await auth.create_tokens_for_user(user.id, extra_claims={"role": user.role})
                      ^^^^^^^^^^^^^^^^^^^^^^^^^^^^^^^^^^^^^^^^^^^^^^^^^^^^^^^^^^^^^^^^^^^^^^^^^^^^
  File "/Users/mac/Documents/Stage-ML/ai-adaptive-learning-platform/backend/app/infrastructure/auth/service.py", line 55, in create_tokens_for_user
    await self.refresh_repo.create(refresh)
  File "/Users/mac/Documents/Stage-ML/ai-adaptive-learning-platform/backend/app/infrastructure/db/repositories/refresh_token.py", line 21, in create
    orm = await self.add(orm, commit=commit)
          ^^^^^^^^^^^^^^^^^^^^^^^^^^^^^^^^^^
  File "/Users/mac/Documents/Stage-ML/ai-adaptive-learning-platform/backend/app/infrastructure/db/repositories/base.py", line 97, in add
    return await self.create(instance, commit=commit)
           ^^^^^^^^^^^^^^^^^^^^^^^^^^^^^^^^^^^^^^^^^^
  File "/Users/mac/Documents/Stage-ML/ai-adaptive-learning-platform/backend/app/infrastructure/db/repositories/refresh_token.py", line 21, in create
    orm = await self.add(orm, commit=commit)
          ^^^^^^^^^^^^^^^^^^^^^^^^^^^^^^^^^^
  File "/Users/mac/Documents/Stage-ML/ai-adaptive-learning-platform/backend/app/infrastructure/db/repositories/base.py", line 97, in add
    return await self.create(instance, commit=commit)
           ^^^^^^^^^^^^^^^^^^^^^^^^^^^^^^^^^^^^^^^^^^
  File "/Users/mac/Documents/Stage-ML/ai-adaptive-learning-platform/backend/app/infrastructure/db/repositories/refresh_token.py", line 21, in create
    orm = await self.add(orm, commit=commit)
          ^^^^^^^^^^^^^^^^^^^^^^^^^^^^^^^^^^
  File "/Users/mac/Documents/Stage-ML/ai-adaptive-learning-platform/backend/app/infrastructure/db/repositories/base.py", line 97, in add
    return await self.create(instance, commit=commit)
           ^^^^^^^^^^^^^^^^^^^^^^^^^^^^^^^^^^^^^^^^^^
  File "/Users/mac/Documents/Stage-ML/ai-adaptive-learning-platform/backend/app/infrastructure/db/repositories/refresh_token.py", line 21, in create
    orm = await self.add(orm, commit=commit)
          ^^^^^^^^^^^^^^^^^^^^^^^^^^^^^^^^^^
  File "/Users/mac/Documents/Stage-ML/ai-adaptive-learning-platform/backend/app/infrastructure/db/repositories/base.py", line 97, in add
    return await self.create(instance, commit=commit)
           ^^^^^^^^^^^^^^^^^^^^^^^^^^^^^^^^^^^^^^^^^^
  File "/Users/mac/Documents/Stage-ML/ai-adaptive-learning-platform/backend/app/infrastructure/db/repositories/refresh_token.py", line 21, in create
    orm = await self.add(orm, commit=commit)
          ^^^^^^^^^^^^^^^^^^^^^^^^^^^^^^^^^^
  File "/Users/mac/Documents/Stage-ML/ai-adaptive-learning-platform/backend/app/infrastructure/db/repositories/base.py", line 97, in add
    return await self.create(instance, commit=commit)
           ^^^^^^^^^^^^^^^^^^^^^^^^^^^^^^^^^^^^^^^^^^
  File "/Users/mac/Documents/Stage-ML/ai-adaptive-learning-platform/backend/app/infrastructure/db/repositories/refresh_token.py", line 21, in create
    orm = await self.add(orm, commit=commit)
          ^^^^^^^^^^^^^^^^^^^^^^^^^^^^^^^^^^
  File "/Users/mac/Documents/Stage-ML/ai-adaptive-learning-platform/backend/app/infrastructure/db/repositories/base.py", line 97, in add
    return await self.create(instance, commit=commit)
           ^^^^^^^^^^^^^^^^^^^^^^^^^^^^^^^^^^^^^^^^^^
  File "/Users/mac/Documents/Stage-ML/ai-adaptive-learning-platform/backend/app/infrastructure/db/repositories/refresh_token.py", line 21, in create
    orm = await self.add(orm, commit=commit)
          ^^^^^^^^^^^^^^^^^^^^^^^^^^^^^^^^^^
  File "/Users/mac/Documents/Stage-ML/ai-adaptive-learning-platform/backend/app/infrastructure/db/repositories/base.py", line 97, in add
    return await self.create(instance, commit=commit)
           ^^^^^^^^^^^^^^^^^^^^^^^^^^^^^^^^^^^^^^^^^^
  File "/Users/mac/Documents/Stage-ML/ai-adaptive-learning-platform/backend/app/infrastructure/db/repositories/refresh_token.py", line 21, in create
    orm = await self.add(orm, commit=commit)
          ^^^^^^^^^^^^^^^^^^^^^^^^^^^^^^^^^^
  File "/Users/mac/Documents/Stage-ML/ai-adaptive-learning-platform/backend/app/infrastructure/db/repositories/base.py", line 97, in add
    return await self.create(instance, commit=commit)
           ^^^^^^^^^^^^^^^^^^^^^^^^^^^^^^^^^^^^^^^^^^
  File "/Users/mac/Documents/Stage-ML/ai-adaptive-learning-platform/backend/app/infrastructure/db/repositories/refresh_token.py", line 21, in create
    orm = await self.add(orm, commit=commit)
          ^^^^^^^^^^^^^^^^^^^^^^^^^^^^^^^^^^
  File "/Users/mac/Documents/Stage-ML/ai-adaptive-learning-platform/backend/app/infrastructure/db/repositories/base.py", line 97, in add
    return await self.create(instance, commit=commit)
           ^^^^^^^^^^^^^^^^^^^^^^^^^^^^^^^^^^^^^^^^^^
  File "/Users/mac/Documents/Stage-ML/ai-adaptive-learning-platform/backend/app/infrastructure/db/repositories/refresh_token.py", line 21, in create
    orm = await self.add(orm, commit=commit)
          ^^^^^^^^^^^^^^^^^^^^^^^^^^^^^^^^^^
  File "/Users/mac/Documents/Stage-ML/ai-adaptive-learning-platform/backend/app/infrastructure/db/repositories/base.py", line 97, in add
    return await self.create(instance, commit=commit)
           ^^^^^^^^^^^^^^^^^^^^^^^^^^^^^^^^^^^^^^^^^^
  File "/Users/mac/Documents/Stage-ML/ai-adaptive-learning-platform/backend/app/infrastructure/db/repositories/refresh_token.py", line 21, in create
    orm = await self.add(orm, commit=commit)
          ^^^^^^^^^^^^^^^^^^^^^^^^^^^^^^^^^^
  File "/Users/mac/Documents/Stage-ML/ai-adaptive-learning-platform/backend/app/infrastructure/db/repositories/base.py", line 97, in add
    return await self.create(instance, commit=commit)
           ^^^^^^^^^^^^^^^^^^^^^^^^^^^^^^^^^^^^^^^^^^
  File "/Users/mac/Documents/Stage-ML/ai-adaptive-learning-platform/backend/app/infrastructure/db/repositories/refresh_token.py", line 21, in create
    orm = await self.add(orm, commit=commit)
          ^^^^^^^^^^^^^^^^^^^^^^^^^^^^^^^^^^
  File "/Users/mac/Documents/Stage-ML/ai-adaptive-learning-platform/backend/app/infrastructure/db/repositories/base.py", line 97, in add
    return await self.create(instance, commit=commit)
           ^^^^^^^^^^^^^^^^^^^^^^^^^^^^^^^^^^^^^^^^^^
  File "/Users/mac/Documents/Stage-ML/ai-adaptive-learning-platform/backend/app/infrastructure/db/repositories/refresh_token.py", line 21, in create
    orm = await self.add(orm, commit=commit)
          ^^^^^^^^^^^^^^^^^^^^^^^^^^^^^^^^^^
  File "/Users/mac/Documents/Stage-ML/ai-adaptive-learning-platform/backend/app/infrastructure/db/repositories/base.py", line 97, in add
    return await self.create(instance, commit=commit)
           ^^^^^^^^^^^^^^^^^^^^^^^^^^^^^^^^^^^^^^^^^^
  File "/Users/mac/Documents/Stage-ML/ai-adaptive-learning-platform/backend/app/infrastructure/db/repositories/refresh_token.py", line 21, in create
    orm = await self.add(orm, commit=commit)
          ^^^^^^^^^^^^^^^^^^^^^^^^^^^^^^^^^^
  File "/Users/mac/Documents/Stage-ML/ai-adaptive-learning-platform/backend/app/infrastructure/db/repositories/base.py", line 97, in add
    return await self.create(instance, commit=commit)
           ^^^^^^^^^^^^^^^^^^^^^^^^^^^^^^^^^^^^^^^^^^
  File "/Users/mac/Documents/Stage-ML/ai-adaptive-learning-platform/backend/app/infrastructure/db/repositories/refresh_token.py", line 21, in create
    orm = await self.add(orm, commit=commit)
          ^^^^^^^^^^^^^^^^^^^^^^^^^^^^^^^^^^
  File "/Users/mac/Documents/Stage-ML/ai-adaptive-learning-platform/backend/app/infrastructure/db/repositories/base.py", line 97, in add
    return await self.create(instance, commit=commit)
           ^^^^^^^^^^^^^^^^^^^^^^^^^^^^^^^^^^^^^^^^^^
  File "/Users/mac/Documents/Stage-ML/ai-adaptive-learning-platform/backend/app/infrastructure/db/repositories/refresh_token.py", line 21, in create
    orm = await self.add(orm, commit=commit)
          ^^^^^^^^^^^^^^^^^^^^^^^^^^^^^^^^^^
  File "/Users/mac/Documents/Stage-ML/ai-adaptive-learning-platform/backend/app/infrastructure/db/repositories/base.py", line 97, in add
    return await self.create(instance, commit=commit)
           ^^^^^^^^^^^^^^^^^^^^^^^^^^^^^^^^^^^^^^^^^^
  File "/Users/mac/Documents/Stage-ML/ai-adaptive-learning-platform/backend/app/infrastructure/db/repositories/refresh_token.py", line 21, in create
    orm = await self.add(orm, commit=commit)
          ^^^^^^^^^^^^^^^^^^^^^^^^^^^^^^^^^^
  File "/Users/mac/Documents/Stage-ML/ai-adaptive-learning-platform/backend/app/infrastructure/db/repositories/base.py", line 97, in add
    return await self.create(instance, commit=commit)
           ^^^^^^^^^^^^^^^^^^^^^^^^^^^^^^^^^^^^^^^^^^
  File "/Users/mac/Documents/Stage-ML/ai-adaptive-learning-platform/backend/app/infrastructure/db/repositories/refresh_token.py", line 21, in create
    orm = await self.add(orm, commit=commit)
          ^^^^^^^^^^^^^^^^^^^^^^^^^^^^^^^^^^
  File "/Users/mac/Documents/Stage-ML/ai-adaptive-learning-platform/backend/app/infrastructure/db/repositories/base.py", line 97, in add
    return await self.create(instance, commit=commit)
           ^^^^^^^^^^^^^^^^^^^^^^^^^^^^^^^^^^^^^^^^^^
  File "/Users/mac/Documents/Stage-ML/ai-adaptive-learning-platform/backend/app/infrastructure/db/repositories/refresh_token.py", line 21, in create
    orm = await self.add(orm, commit=commit)
          ^^^^^^^^^^^^^^^^^^^^^^^^^^^^^^^^^^
  File "/Users/mac/Documents/Stage-ML/ai-adaptive-learning-platform/backend/app/infrastructure/db/repositories/base.py", line 97, in add
    return await self.create(instance, commit=commit)
           ^^^^^^^^^^^^^^^^^^^^^^^^^^^^^^^^^^^^^^^^^^
  File "/Users/mac/Documents/Stage-ML/ai-adaptive-learning-platform/backend/app/infrastructure/db/repositories/refresh_token.py", line 21, in create
    orm = await self.add(orm, commit=commit)
          ^^^^^^^^^^^^^^^^^^^^^^^^^^^^^^^^^^
  File "/Users/mac/Documents/Stage-ML/ai-adaptive-learning-platform/backend/app/infrastructure/db/repositories/base.py", line 97, in add
    return await self.create(instance, commit=commit)
           ^^^^^^^^^^^^^^^^^^^^^^^^^^^^^^^^^^^^^^^^^^
  File "/Users/mac/Documents/Stage-ML/ai-adaptive-learning-platform/backend/app/infrastructure/db/repositories/refresh_token.py", line 21, in create
    orm = await self.add(orm, commit=commit)
          ^^^^^^^^^^^^^^^^^^^^^^^^^^^^^^^^^^
  File "/Users/mac/Documents/Stage-ML/ai-adaptive-learning-platform/backend/app/infrastructure/db/repositories/base.py", line 97, in add
    return await self.create(instance, commit=commit)
           ^^^^^^^^^^^^^^^^^^^^^^^^^^^^^^^^^^^^^^^^^^
  File "/Users/mac/Documents/Stage-ML/ai-adaptive-learning-platform/backend/app/infrastructure/db/repositories/refresh_token.py", line 21, in create
    orm = await self.add(orm, commit=commit)
          ^^^^^^^^^^^^^^^^^^^^^^^^^^^^^^^^^^
  File "/Users/mac/Documents/Stage-ML/ai-adaptive-learning-platform/backend/app/infrastructure/db/repositories/base.py", line 97, in add
    return await self.create(instance, commit=commit)
           ^^^^^^^^^^^^^^^^^^^^^^^^^^^^^^^^^^^^^^^^^^
  File "/Users/mac/Documents/Stage-ML/ai-adaptive-learning-platform/backend/app/infrastructure/db/repositories/refresh_token.py", line 21, in create
    orm = await self.add(orm, commit=commit)
          ^^^^^^^^^^^^^^^^^^^^^^^^^^^^^^^^^^
  File "/Users/mac/Documents/Stage-ML/ai-adaptive-learning-platform/backend/app/infrastructure/db/repositories/base.py", line 97, in add
    return await self.create(instance, commit=commit)
           ^^^^^^^^^^^^^^^^^^^^^^^^^^^^^^^^^^^^^^^^^^
  File "/Users/mac/Documents/Stage-ML/ai-adaptive-learning-platform/backend/app/infrastructure/db/repositories/refresh_token.py", line 21, in create
    orm = await self.add(orm, commit=commit)
          ^^^^^^^^^^^^^^^^^^^^^^^^^^^^^^^^^^
  File "/Users/mac/Documents/Stage-ML/ai-adaptive-learning-platform/backend/app/infrastructure/db/repositories/base.py", line 97, in add
    return await self.create(instance, commit=commit)
           ^^^^^^^^^^^^^^^^^^^^^^^^^^^^^^^^^^^^^^^^^^
  File "/Users/mac/Documents/Stage-ML/ai-adaptive-learning-platform/backend/app/infrastructure/db/repositories/refresh_token.py", line 21, in create
    orm = await self.add(orm, commit=commit)
          ^^^^^^^^^^^^^^^^^^^^^^^^^^^^^^^^^^
  File "/Users/mac/Documents/Stage-ML/ai-adaptive-learning-platform/backend/app/infrastructure/db/repositories/base.py", line 97, in add
    return await self.create(instance, commit=commit)
           ^^^^^^^^^^^^^^^^^^^^^^^^^^^^^^^^^^^^^^^^^^
  File "/Users/mac/Documents/Stage-ML/ai-adaptive-learning-platform/backend/app/infrastructure/db/repositories/refresh_token.py", line 21, in create
    orm = await self.add(orm, commit=commit)
          ^^^^^^^^^^^^^^^^^^^^^^^^^^^^^^^^^^
  File "/Users/mac/Documents/Stage-ML/ai-adaptive-learning-platform/backend/app/infrastructure/db/repositories/base.py", line 97, in add
    return await self.create(instance, commit=commit)
           ^^^^^^^^^^^^^^^^^^^^^^^^^^^^^^^^^^^^^^^^^^
  File "/Users/mac/Documents/Stage-ML/ai-adaptive-learning-platform/backend/app/infrastructure/db/repositories/refresh_token.py", line 21, in create
    orm = await self.add(orm, commit=commit)
          ^^^^^^^^^^^^^^^^^^^^^^^^^^^^^^^^^^
  File "/Users/mac/Documents/Stage-ML/ai-adaptive-learning-platform/backend/app/infrastructure/db/repositories/base.py", line 97, in add
    return await self.create(instance, commit=commit)
           ^^^^^^^^^^^^^^^^^^^^^^^^^^^^^^^^^^^^^^^^^^
  File "/Users/mac/Documents/Stage-ML/ai-adaptive-learning-platform/backend/app/infrastructure/db/repositories/refresh_token.py", line 21, in create
    orm = await self.add(orm, commit=commit)
          ^^^^^^^^^^^^^^^^^^^^^^^^^^^^^^^^^^
  File "/Users/mac/Documents/Stage-ML/ai-adaptive-learning-platform/backend/app/infrastructure/db/repositories/base.py", line 97, in add
    return await self.create(instance, commit=commit)
           ^^^^^^^^^^^^^^^^^^^^^^^^^^^^^^^^^^^^^^^^^^
  File "/Users/mac/Documents/Stage-ML/ai-adaptive-learning-platform/backend/app/infrastructure/db/repositories/refresh_token.py", line 21, in create
    orm = await self.add(orm, commit=commit)
          ^^^^^^^^^^^^^^^^^^^^^^^^^^^^^^^^^^
  File "/Users/mac/Documents/Stage-ML/ai-adaptive-learning-platform/backend/app/infrastructure/db/repositories/base.py", line 97, in add
    return await self.create(instance, commit=commit)
           ^^^^^^^^^^^^^^^^^^^^^^^^^^^^^^^^^^^^^^^^^^
  File "/Users/mac/Documents/Stage-ML/ai-adaptive-learning-platform/backend/app/infrastructure/db/repositories/refresh_token.py", line 21, in create
    orm = await self.add(orm, commit=commit)
          ^^^^^^^^^^^^^^^^^^^^^^^^^^^^^^^^^^
  File "/Users/mac/Documents/Stage-ML/ai-adaptive-learning-platform/backend/app/infrastructure/db/repositories/base.py", line 97, in add
    return await self.create(instance, commit=commit)
           ^^^^^^^^^^^^^^^^^^^^^^^^^^^^^^^^^^^^^^^^^^
  File "/Users/mac/Documents/Stage-ML/ai-adaptive-learning-platform/backend/app/infrastructure/db/repositories/refresh_token.py", line 21, in create
    orm = await self.add(orm, commit=commit)
          ^^^^^^^^^^^^^^^^^^^^^^^^^^^^^^^^^^
  File "/Users/mac/Documents/Stage-ML/ai-adaptive-learning-platform/backend/app/infrastructure/db/repositories/base.py", line 97, in add
    return await self.create(instance, commit=commit)
           ^^^^^^^^^^^^^^^^^^^^^^^^^^^^^^^^^^^^^^^^^^
  File "/Users/mac/Documents/Stage-ML/ai-adaptive-learning-platform/backend/app/infrastructure/db/repositories/refresh_token.py", line 21, in create
    orm = await self.add(orm, commit=commit)
          ^^^^^^^^^^^^^^^^^^^^^^^^^^^^^^^^^^
  File "/Users/mac/Documents/Stage-ML/ai-adaptive-learning-platform/backend/app/infrastructure/db/repositories/base.py", line 97, in add
    return await self.create(instance, commit=commit)
           ^^^^^^^^^^^^^^^^^^^^^^^^^^^^^^^^^^^^^^^^^^
  File "/Users/mac/Documents/Stage-ML/ai-adaptive-learning-platform/backend/app/infrastructure/db/repositories/refresh_token.py", line 21, in create
    orm = await self.add(orm, commit=commit)
          ^^^^^^^^^^^^^^^^^^^^^^^^^^^^^^^^^^
  File "/Users/mac/Documents/Stage-ML/ai-adaptive-learning-platform/backend/app/infrastructure/db/repositories/base.py", line 97, in add
    return await self.create(instance, commit=commit)
           ^^^^^^^^^^^^^^^^^^^^^^^^^^^^^^^^^^^^^^^^^^
  File "/Users/mac/Documents/Stage-ML/ai-adaptive-learning-platform/backend/app/infrastructure/db/repositories/refresh_token.py", line 21, in create
    orm = await self.add(orm, commit=commit)
          ^^^^^^^^^^^^^^^^^^^^^^^^^^^^^^^^^^
  File "/Users/mac/Documents/Stage-ML/ai-adaptive-learning-platform/backend/app/infrastructure/db/repositories/base.py", line 97, in add
    return await self.create(instance, commit=commit)
           ^^^^^^^^^^^^^^^^^^^^^^^^^^^^^^^^^^^^^^^^^^
  File "/Users/mac/Documents/Stage-ML/ai-adaptive-learning-platform/backend/app/infrastructure/db/repositories/refresh_token.py", line 21, in create
    orm = await self.add(orm, commit=commit)
          ^^^^^^^^^^^^^^^^^^^^^^^^^^^^^^^^^^
  File "/Users/mac/Documents/Stage-ML/ai-adaptive-learning-platform/backend/app/infrastructure/db/repositories/base.py", line 97, in add
    return await self.create(instance, commit=commit)
           ^^^^^^^^^^^^^^^^^^^^^^^^^^^^^^^^^^^^^^^^^^
  File "/Users/mac/Documents/Stage-ML/ai-adaptive-learning-platform/backend/app/infrastructure/db/repositories/refresh_token.py", line 21, in create
    orm = await self.add(orm, commit=commit)
          ^^^^^^^^^^^^^^^^^^^^^^^^^^^^^^^^^^
  File "/Users/mac/Documents/Stage-ML/ai-adaptive-learning-platform/backend/app/infrastructure/db/repositories/base.py", line 97, in add
    return await self.create(instance, commit=commit)
           ^^^^^^^^^^^^^^^^^^^^^^^^^^^^^^^^^^^^^^^^^^
  File "/Users/mac/Documents/Stage-ML/ai-adaptive-learning-platform/backend/app/infrastructure/db/repositories/refresh_token.py", line 21, in create
    orm = await self.add(orm, commit=commit)
          ^^^^^^^^^^^^^^^^^^^^^^^^^^^^^^^^^^
  File "/Users/mac/Documents/Stage-ML/ai-adaptive-learning-platform/backend/app/infrastructure/db/repositories/base.py", line 97, in add
    return await self.create(instance, commit=commit)
           ^^^^^^^^^^^^^^^^^^^^^^^^^^^^^^^^^^^^^^^^^^
  File "/Users/mac/Documents/Stage-ML/ai-adaptive-learning-platform/backend/app/infrastructure/db/repositories/refresh_token.py", line 21, in create
    orm = await self.add(orm, commit=commit)
          ^^^^^^^^^^^^^^^^^^^^^^^^^^^^^^^^^^
  File "/Users/mac/Documents/Stage-ML/ai-adaptive-learning-platform/backend/app/infrastructure/db/repositories/base.py", line 97, in add
    return await self.create(instance, commit=commit)
           ^^^^^^^^^^^^^^^^^^^^^^^^^^^^^^^^^^^^^^^^^^
  File "/Users/mac/Documents/Stage-ML/ai-adaptive-learning-platform/backend/app/infrastructure/db/repositories/refresh_token.py", line 21, in create
    orm = await self.add(orm, commit=commit)
          ^^^^^^^^^^^^^^^^^^^^^^^^^^^^^^^^^^
  File "/Users/mac/Documents/Stage-ML/ai-adaptive-learning-platform/backend/app/infrastructure/db/repositories/base.py", line 97, in add
    return await self.create(instance, commit=commit)
           ^^^^^^^^^^^^^^^^^^^^^^^^^^^^^^^^^^^^^^^^^^
  File "/Users/mac/Documents/Stage-ML/ai-adaptive-learning-platform/backend/app/infrastructure/db/repositories/refresh_token.py", line 21, in create
    orm = await self.add(orm, commit=commit)
          ^^^^^^^^^^^^^^^^^^^^^^^^^^^^^^^^^^
  File "/Users/mac/Documents/Stage-ML/ai-adaptive-learning-platform/backend/app/infrastructure/db/repositories/base.py", line 97, in add
    return await self.create(instance, commit=commit)
           ^^^^^^^^^^^^^^^^^^^^^^^^^^^^^^^^^^^^^^^^^^
  File "/Users/mac/Documents/Stage-ML/ai-adaptive-learning-platform/backend/app/infrastructure/db/repositories/refresh_token.py", line 21, in create
    orm = await self.add(orm, commit=commit)
          ^^^^^^^^^^^^^^^^^^^^^^^^^^^^^^^^^^
  File "/Users/mac/Documents/Stage-ML/ai-adaptive-learning-platform/backend/app/infrastructure/db/repositories/base.py", line 97, in add
    return await self.create(instance, commit=commit)
           ^^^^^^^^^^^^^^^^^^^^^^^^^^^^^^^^^^^^^^^^^^
  File "/Users/mac/Documents/Stage-ML/ai-adaptive-learning-platform/backend/app/infrastructure/db/repositories/refresh_token.py", line 21, in create
    orm = await self.add(orm, commit=commit)
          ^^^^^^^^^^^^^^^^^^^^^^^^^^^^^^^^^^
  File "/Users/mac/Documents/Stage-ML/ai-adaptive-learning-platform/backend/app/infrastructure/db/repositories/base.py", line 97, in add
    return await self.create(instance, commit=commit)
           ^^^^^^^^^^^^^^^^^^^^^^^^^^^^^^^^^^^^^^^^^^
  File "/Users/mac/Documents/Stage-ML/ai-adaptive-learning-platform/backend/app/infrastructure/db/repositories/refresh_token.py", line 21, in create
    orm = await self.add(orm, commit=commit)
          ^^^^^^^^^^^^^^^^^^^^^^^^^^^^^^^^^^
  File "/Users/mac/Documents/Stage-ML/ai-adaptive-learning-platform/backend/app/infrastructure/db/repositories/base.py", line 97, in add
    return await self.create(instance, commit=commit)
           ^^^^^^^^^^^^^^^^^^^^^^^^^^^^^^^^^^^^^^^^^^
  File "/Users/mac/Documents/Stage-ML/ai-adaptive-learning-platform/backend/app/infrastructure/db/repositories/refresh_token.py", line 21, in create
    orm = await self.add(orm, commit=commit)
          ^^^^^^^^^^^^^^^^^^^^^^^^^^^^^^^^^^
  File "/Users/mac/Documents/Stage-ML/ai-adaptive-learning-platform/backend/app/infrastructure/db/repositories/base.py", line 97, in add
    return await self.create(instance, commit=commit)
           ^^^^^^^^^^^^^^^^^^^^^^^^^^^^^^^^^^^^^^^^^^
  File "/Users/mac/Documents/Stage-ML/ai-adaptive-learning-platform/backend/app/infrastructure/db/repositories/refresh_token.py", line 21, in create
    orm = await self.add(orm, commit=commit)
          ^^^^^^^^^^^^^^^^^^^^^^^^^^^^^^^^^^
  File "/Users/mac/Documents/Stage-ML/ai-adaptive-learning-platform/backend/app/infrastructure/db/repositories/base.py", line 97, in add
    return await self.create(instance, commit=commit)
           ^^^^^^^^^^^^^^^^^^^^^^^^^^^^^^^^^^^^^^^^^^
  File "/Users/mac/Documents/Stage-ML/ai-adaptive-learning-platform/backend/app/infrastructure/db/repositories/refresh_token.py", line 21, in create
    orm = await self.add(orm, commit=commit)
          ^^^^^^^^^^^^^^^^^^^^^^^^^^^^^^^^^^
  File "/Users/mac/Documents/Stage-ML/ai-adaptive-learning-platform/backend/app/infrastructure/db/repositories/base.py", line 97, in add
    return await self.create(instance, commit=commit)
           ^^^^^^^^^^^^^^^^^^^^^^^^^^^^^^^^^^^^^^^^^^
  File "/Users/mac/Documents/Stage-ML/ai-adaptive-learning-platform/backend/app/infrastructure/db/repositories/refresh_token.py", line 21, in create
    orm = await self.add(orm, commit=commit)
          ^^^^^^^^^^^^^^^^^^^^^^^^^^^^^^^^^^
  File "/Users/mac/Documents/Stage-ML/ai-adaptive-learning-platform/backend/app/infrastructure/db/repositories/base.py", line 97, in add
    return await self.create(instance, commit=commit)
           ^^^^^^^^^^^^^^^^^^^^^^^^^^^^^^^^^^^^^^^^^^
  File "/Users/mac/Documents/Stage-ML/ai-adaptive-learning-platform/backend/app/infrastructure/db/repositories/refresh_token.py", line 21, in create
    orm = await self.add(orm, commit=commit)
          ^^^^^^^^^^^^^^^^^^^^^^^^^^^^^^^^^^
  File "/Users/mac/Documents/Stage-ML/ai-adaptive-learning-platform/backend/app/infrastructure/db/repositories/base.py", line 97, in add
    return await self.create(instance, commit=commit)
           ^^^^^^^^^^^^^^^^^^^^^^^^^^^^^^^^^^^^^^^^^^
  File "/Users/mac/Documents/Stage-ML/ai-adaptive-learning-platform/backend/app/infrastructure/db/repositories/refresh_token.py", line 21, in create
    orm = await self.add(orm, commit=commit)
          ^^^^^^^^^^^^^^^^^^^^^^^^^^^^^^^^^^
  File "/Users/mac/Documents/Stage-ML/ai-adaptive-learning-platform/backend/app/infrastructure/db/repositories/base.py", line 97, in add
    return await self.create(instance, commit=commit)
           ^^^^^^^^^^^^^^^^^^^^^^^^^^^^^^^^^^^^^^^^^^
  File "/Users/mac/Documents/Stage-ML/ai-adaptive-learning-platform/backend/app/infrastructure/db/repositories/refresh_token.py", line 21, in create
    orm = await self.add(orm, commit=commit)
          ^^^^^^^^^^^^^^^^^^^^^^^^^^^^^^^^^^
  File "/Users/mac/Documents/Stage-ML/ai-adaptive-learning-platform/backend/app/infrastructure/db/repositories/base.py", line 97, in add
    return await self.create(instance, commit=commit)
           ^^^^^^^^^^^^^^^^^^^^^^^^^^^^^^^^^^^^^^^^^^
  File "/Users/mac/Documents/Stage-ML/ai-adaptive-learning-platform/backend/app/infrastructure/db/repositories/refresh_token.py", line 21, in create
    orm = await self.add(orm, commit=commit)
          ^^^^^^^^^^^^^^^^^^^^^^^^^^^^^^^^^^
  File "/Users/mac/Documents/Stage-ML/ai-adaptive-learning-platform/backend/app/infrastructure/db/repositories/base.py", line 97, in add
    return await self.create(instance, commit=commit)
           ^^^^^^^^^^^^^^^^^^^^^^^^^^^^^^^^^^^^^^^^^^
  File "/Users/mac/Documents/Stage-ML/ai-adaptive-learning-platform/backend/app/infrastructure/db/repositories/refresh_token.py", line 21, in create
    orm = await self.add(orm, commit=commit)
          ^^^^^^^^^^^^^^^^^^^^^^^^^^^^^^^^^^
  File "/Users/mac/Documents/Stage-ML/ai-adaptive-learning-platform/backend/app/infrastructure/db/repositories/base.py", line 97, in add
    return await self.create(instance, commit=commit)
           ^^^^^^^^^^^^^^^^^^^^^^^^^^^^^^^^^^^^^^^^^^
  File "/Users/mac/Documents/Stage-ML/ai-adaptive-learning-platform/backend/app/infrastructure/db/repositories/refresh_token.py", line 21, in create
    orm = await self.add(orm, commit=commit)
          ^^^^^^^^^^^^^^^^^^^^^^^^^^^^^^^^^^
  File "/Users/mac/Documents/Stage-ML/ai-adaptive-learning-platform/backend/app/infrastructure/db/repositories/base.py", line 97, in add
    return await self.create(instance, commit=commit)
           ^^^^^^^^^^^^^^^^^^^^^^^^^^^^^^^^^^^^^^^^^^
  File "/Users/mac/Documents/Stage-ML/ai-adaptive-learning-platform/backend/app/infrastructure/db/repositories/refresh_token.py", line 21, in create
    orm = await self.add(orm, commit=commit)
          ^^^^^^^^^^^^^^^^^^^^^^^^^^^^^^^^^^
  File "/Users/mac/Documents/Stage-ML/ai-adaptive-learning-platform/backend/app/infrastructure/db/repositories/base.py", line 97, in add
    return await self.create(instance, commit=commit)
           ^^^^^^^^^^^^^^^^^^^^^^^^^^^^^^^^^^^^^^^^^^
  File "/Users/mac/Documents/Stage-ML/ai-adaptive-learning-platform/backend/app/infrastructure/db/repositories/refresh_token.py", line 21, in create
    orm = await self.add(orm, commit=commit)
          ^^^^^^^^^^^^^^^^^^^^^^^^^^^^^^^^^^
  File "/Users/mac/Documents/Stage-ML/ai-adaptive-learning-platform/backend/app/infrastructure/db/repositories/base.py", line 97, in add
    return await self.create(instance, commit=commit)
           ^^^^^^^^^^^^^^^^^^^^^^^^^^^^^^^^^^^^^^^^^^
  File "/Users/mac/Documents/Stage-ML/ai-adaptive-learning-platform/backend/app/infrastructure/db/repositories/refresh_token.py", line 21, in create
    orm = await self.add(orm, commit=commit)
          ^^^^^^^^^^^^^^^^^^^^^^^^^^^^^^^^^^
  File "/Users/mac/Documents/Stage-ML/ai-adaptive-learning-platform/backend/app/infrastructure/db/repositories/base.py", line 97, in add
    return await self.create(instance, commit=commit)
           ^^^^^^^^^^^^^^^^^^^^^^^^^^^^^^^^^^^^^^^^^^
  File "/Users/mac/Documents/Stage-ML/ai-adaptive-learning-platform/backend/app/infrastructure/db/repositories/refresh_token.py", line 21, in create
    orm = await self.add(orm, commit=commit)
          ^^^^^^^^^^^^^^^^^^^^^^^^^^^^^^^^^^
  File "/Users/mac/Documents/Stage-ML/ai-adaptive-learning-platform/backend/app/infrastructure/db/repositories/base.py", line 97, in add
    return await self.create(instance, commit=commit)
           ^^^^^^^^^^^^^^^^^^^^^^^^^^^^^^^^^^^^^^^^^^
  File "/Users/mac/Documents/Stage-ML/ai-adaptive-learning-platform/backend/app/infrastructure/db/repositories/refresh_token.py", line 21, in create
    orm = await self.add(orm, commit=commit)
          ^^^^^^^^^^^^^^^^^^^^^^^^^^^^^^^^^^
  File "/Users/mac/Documents/Stage-ML/ai-adaptive-learning-platform/backend/app/infrastructure/db/repositories/base.py", line 97, in add
    return await self.create(instance, commit=commit)
           ^^^^^^^^^^^^^^^^^^^^^^^^^^^^^^^^^^^^^^^^^^
  File "/Users/mac/Documents/Stage-ML/ai-adaptive-learning-platform/backend/app/infrastructure/db/repositories/refresh_token.py", line 21, in create
    orm = await self.add(orm, commit=commit)
          ^^^^^^^^^^^^^^^^^^^^^^^^^^^^^^^^^^
  File "/Users/mac/Documents/Stage-ML/ai-adaptive-learning-platform/backend/app/infrastructure/db/repositories/base.py", line 97, in add
    return await self.create(instance, commit=commit)
           ^^^^^^^^^^^^^^^^^^^^^^^^^^^^^^^^^^^^^^^^^^
  File "/Users/mac/Documents/Stage-ML/ai-adaptive-learning-platform/backend/app/infrastructure/db/repositories/refresh_token.py", line 21, in create
    orm = await self.add(orm, commit=commit)
          ^^^^^^^^^^^^^^^^^^^^^^^^^^^^^^^^^^
  File "/Users/mac/Documents/Stage-ML/ai-adaptive-learning-platform/backend/app/infrastructure/db/repositories/base.py", line 97, in add
    return await self.create(instance, commit=commit)
           ^^^^^^^^^^^^^^^^^^^^^^^^^^^^^^^^^^^^^^^^^^
  File "/Users/mac/Documents/Stage-ML/ai-adaptive-learning-platform/backend/app/infrastructure/db/repositories/refresh_token.py", line 21, in create
    orm = await self.add(orm, commit=commit)
          ^^^^^^^^^^^^^^^^^^^^^^^^^^^^^^^^^^
  File "/Users/mac/Documents/Stage-ML/ai-adaptive-learning-platform/backend/app/infrastructure/db/repositories/base.py", line 97, in add
    return await self.create(instance, commit=commit)
           ^^^^^^^^^^^^^^^^^^^^^^^^^^^^^^^^^^^^^^^^^^
  File "/Users/mac/Documents/Stage-ML/ai-adaptive-learning-platform/backend/app/infrastructure/db/repositories/refresh_token.py", line 21, in create
    orm = await self.add(orm, commit=commit)
          ^^^^^^^^^^^^^^^^^^^^^^^^^^^^^^^^^^
  File "/Users/mac/Documents/Stage-ML/ai-adaptive-learning-platform/backend/app/infrastructure/db/repositories/base.py", line 97, in add
    return await self.create(instance, commit=commit)
           ^^^^^^^^^^^^^^^^^^^^^^^^^^^^^^^^^^^^^^^^^^
  File "/Users/mac/Documents/Stage-ML/ai-adaptive-learning-platform/backend/app/infrastructure/db/repositories/refresh_token.py", line 21, in create
    orm = await self.add(orm, commit=commit)
          ^^^^^^^^^^^^^^^^^^^^^^^^^^^^^^^^^^
  File "/Users/mac/Documents/Stage-ML/ai-adaptive-learning-platform/backend/app/infrastructure/db/repositories/base.py", line 97, in add
    return await self.create(instance, commit=commit)
           ^^^^^^^^^^^^^^^^^^^^^^^^^^^^^^^^^^^^^^^^^^
  File "/Users/mac/Documents/Stage-ML/ai-adaptive-learning-platform/backend/app/infrastructure/db/repositories/refresh_token.py", line 21, in create
    orm = await self.add(orm, commit=commit)
          ^^^^^^^^^^^^^^^^^^^^^^^^^^^^^^^^^^
  File "/Users/mac/Documents/Stage-ML/ai-adaptive-learning-platform/backend/app/infrastructure/db/repositories/base.py", line 97, in add
    return await self.create(instance, commit=commit)
           ^^^^^^^^^^^^^^^^^^^^^^^^^^^^^^^^^^^^^^^^^^
  File "/Users/mac/Documents/Stage-ML/ai-adaptive-learning-platform/backend/app/infrastructure/db/repositories/refresh_token.py", line 21, in create
    orm = await self.add(orm, commit=commit)
          ^^^^^^^^^^^^^^^^^^^^^^^^^^^^^^^^^^
  File "/Users/mac/Documents/Stage-ML/ai-adaptive-learning-platform/backend/app/infrastructure/db/repositories/base.py", line 97, in add
    return await self.create(instance, commit=commit)
           ^^^^^^^^^^^^^^^^^^^^^^^^^^^^^^^^^^^^^^^^^^
  File "/Users/mac/Documents/Stage-ML/ai-adaptive-learning-platform/backend/app/infrastructure/db/repositories/refresh_token.py", line 21, in create
    orm = await self.add(orm, commit=commit)
          ^^^^^^^^^^^^^^^^^^^^^^^^^^^^^^^^^^
  File "/Users/mac/Documents/Stage-ML/ai-adaptive-learning-platform/backend/app/infrastructure/db/repositories/base.py", line 97, in add
    return await self.create(instance, commit=commit)
           ^^^^^^^^^^^^^^^^^^^^^^^^^^^^^^^^^^^^^^^^^^
  File "/Users/mac/Documents/Stage-ML/ai-adaptive-learning-platform/backend/app/infrastructure/db/repositories/refresh_token.py", line 21, in create
    orm = await self.add(orm, commit=commit)
          ^^^^^^^^^^^^^^^^^^^^^^^^^^^^^^^^^^
  File "/Users/mac/Documents/Stage-ML/ai-adaptive-learning-platform/backend/app/infrastructure/db/repositories/base.py", line 97, in add
    return await self.create(instance, commit=commit)
           ^^^^^^^^^^^^^^^^^^^^^^^^^^^^^^^^^^^^^^^^^^
  File "/Users/mac/Documents/Stage-ML/ai-adaptive-learning-platform/backend/app/infrastructure/db/repositories/refresh_token.py", line 21, in create
    orm = await self.add(orm, commit=commit)
          ^^^^^^^^^^^^^^^^^^^^^^^^^^^^^^^^^^
  File "/Users/mac/Documents/Stage-ML/ai-adaptive-learning-platform/backend/app/infrastructure/db/repositories/base.py", line 97, in add
    return await self.create(instance, commit=commit)
           ^^^^^^^^^^^^^^^^^^^^^^^^^^^^^^^^^^^^^^^^^^
  File "/Users/mac/Documents/Stage-ML/ai-adaptive-learning-platform/backend/app/infrastructure/db/repositories/refresh_token.py", line 21, in create
    orm = await self.add(orm, commit=commit)
          ^^^^^^^^^^^^^^^^^^^^^^^^^^^^^^^^^^
  File "/Users/mac/Documents/Stage-ML/ai-adaptive-learning-platform/backend/app/infrastructure/db/repositories/base.py", line 97, in add
    return await self.create(instance, commit=commit)
           ^^^^^^^^^^^^^^^^^^^^^^^^^^^^^^^^^^^^^^^^^^
  File "/Users/mac/Documents/Stage-ML/ai-adaptive-learning-platform/backend/app/infrastructure/db/repositories/refresh_token.py", line 21, in create
    orm = await self.add(orm, commit=commit)
          ^^^^^^^^^^^^^^^^^^^^^^^^^^^^^^^^^^
  File "/Users/mac/Documents/Stage-ML/ai-adaptive-learning-platform/backend/app/infrastructure/db/repositories/base.py", line 97, in add
    return await self.create(instance, commit=commit)
           ^^^^^^^^^^^^^^^^^^^^^^^^^^^^^^^^^^^^^^^^^^
  File "/Users/mac/Documents/Stage-ML/ai-adaptive-learning-platform/backend/app/infrastructure/db/repositories/refresh_token.py", line 21, in create
    orm = await self.add(orm, commit=commit)
          ^^^^^^^^^^^^^^^^^^^^^^^^^^^^^^^^^^
  File "/Users/mac/Documents/Stage-ML/ai-adaptive-learning-platform/backend/app/infrastructure/db/repositories/base.py", line 97, in add
    return await self.create(instance, commit=commit)
           ^^^^^^^^^^^^^^^^^^^^^^^^^^^^^^^^^^^^^^^^^^
  File "/Users/mac/Documents/Stage-ML/ai-adaptive-learning-platform/backend/app/infrastructure/db/repositories/refresh_token.py", line 21, in create
    orm = await self.add(orm, commit=commit)
          ^^^^^^^^^^^^^^^^^^^^^^^^^^^^^^^^^^
  File "/Users/mac/Documents/Stage-ML/ai-adaptive-learning-platform/backend/app/infrastructure/db/repositories/base.py", line 97, in add
    return await self.create(instance, commit=commit)
           ^^^^^^^^^^^^^^^^^^^^^^^^^^^^^^^^^^^^^^^^^^
  File "/Users/mac/Documents/Stage-ML/ai-adaptive-learning-platform/backend/app/infrastructure/db/repositories/refresh_token.py", line 21, in create
    orm = await self.add(orm, commit=commit)
          ^^^^^^^^^^^^^^^^^^^^^^^^^^^^^^^^^^
  File "/Users/mac/Documents/Stage-ML/ai-adaptive-learning-platform/backend/app/infrastructure/db/repositories/base.py", line 97, in add
    return await self.create(instance, commit=commit)
           ^^^^^^^^^^^^^^^^^^^^^^^^^^^^^^^^^^^^^^^^^^
  File "/Users/mac/Documents/Stage-ML/ai-adaptive-learning-platform/backend/app/infrastructure/db/repositories/refresh_token.py", line 21, in create
    orm = await self.add(orm, commit=commit)
          ^^^^^^^^^^^^^^^^^^^^^^^^^^^^^^^^^^
  File "/Users/mac/Documents/Stage-ML/ai-adaptive-learning-platform/backend/app/infrastructure/db/repositories/base.py", line 97, in add
    return await self.create(instance, commit=commit)
           ^^^^^^^^^^^^^^^^^^^^^^^^^^^^^^^^^^^^^^^^^^
  File "/Users/mac/Documents/Stage-ML/ai-adaptive-learning-platform/backend/app/infrastructure/db/repositories/refresh_token.py", line 21, in create
    orm = await self.add(orm, commit=commit)
          ^^^^^^^^^^^^^^^^^^^^^^^^^^^^^^^^^^
  File "/Users/mac/Documents/Stage-ML/ai-adaptive-learning-platform/backend/app/infrastructure/db/repositories/base.py", line 97, in add
    return await self.create(instance, commit=commit)
           ^^^^^^^^^^^^^^^^^^^^^^^^^^^^^^^^^^^^^^^^^^
  File "/Users/mac/Documents/Stage-ML/ai-adaptive-learning-platform/backend/app/infrastructure/db/repositories/refresh_token.py", line 21, in create
    orm = await self.add(orm, commit=commit)
          ^^^^^^^^^^^^^^^^^^^^^^^^^^^^^^^^^^
  File "/Users/mac/Documents/Stage-ML/ai-adaptive-learning-platform/backend/app/infrastructure/db/repositories/base.py", line 97, in add
    return await self.create(instance, commit=commit)
           ^^^^^^^^^^^^^^^^^^^^^^^^^^^^^^^^^^^^^^^^^^
  File "/Users/mac/Documents/Stage-ML/ai-adaptive-learning-platform/backend/app/infrastructure/db/repositories/refresh_token.py", line 21, in create
    orm = await self.add(orm, commit=commit)
          ^^^^^^^^^^^^^^^^^^^^^^^^^^^^^^^^^^
  File "/Users/mac/Documents/Stage-ML/ai-adaptive-learning-platform/backend/app/infrastructure/db/repositories/base.py", line 97, in add
    return await self.create(instance, commit=commit)
           ^^^^^^^^^^^^^^^^^^^^^^^^^^^^^^^^^^^^^^^^^^
  File "/Users/mac/Documents/Stage-ML/ai-adaptive-learning-platform/backend/app/infrastructure/db/repositories/refresh_token.py", line 21, in create
    orm = await self.add(orm, commit=commit)
          ^^^^^^^^^^^^^^^^^^^^^^^^^^^^^^^^^^
  File "/Users/mac/Documents/Stage-ML/ai-adaptive-learning-platform/backend/app/infrastructure/db/repositories/base.py", line 97, in add
    return await self.create(instance, commit=commit)
           ^^^^^^^^^^^^^^^^^^^^^^^^^^^^^^^^^^^^^^^^^^
  File "/Users/mac/Documents/Stage-ML/ai-adaptive-learning-platform/backend/app/infrastructure/db/repositories/refresh_token.py", line 21, in create
    orm = await self.add(orm, commit=commit)
          ^^^^^^^^^^^^^^^^^^^^^^^^^^^^^^^^^^
  File "/Users/mac/Documents/Stage-ML/ai-adaptive-learning-platform/backend/app/infrastructure/db/repositories/base.py", line 97, in add
    return await self.create(instance, commit=commit)
           ^^^^^^^^^^^^^^^^^^^^^^^^^^^^^^^^^^^^^^^^^^
  File "/Users/mac/Documents/Stage-ML/ai-adaptive-learning-platform/backend/app/infrastructure/db/repositories/refresh_token.py", line 21, in create
    orm = await self.add(orm, commit=commit)
          ^^^^^^^^^^^^^^^^^^^^^^^^^^^^^^^^^^
  File "/Users/mac/Documents/Stage-ML/ai-adaptive-learning-platform/backend/app/infrastructure/db/repositories/base.py", line 97, in add
    return await self.create(instance, commit=commit)
           ^^^^^^^^^^^^^^^^^^^^^^^^^^^^^^^^^^^^^^^^^^
  File "/Users/mac/Documents/Stage-ML/ai-adaptive-learning-platform/backend/app/infrastructure/db/repositories/refresh_token.py", line 21, in create
    orm = await self.add(orm, commit=commit)
          ^^^^^^^^^^^^^^^^^^^^^^^^^^^^^^^^^^
  File "/Users/mac/Documents/Stage-ML/ai-adaptive-learning-platform/backend/app/infrastructure/db/repositories/base.py", line 97, in add
    return await self.create(instance, commit=commit)
           ^^^^^^^^^^^^^^^^^^^^^^^^^^^^^^^^^^^^^^^^^^
  File "/Users/mac/Documents/Stage-ML/ai-adaptive-learning-platform/backend/app/infrastructure/db/repositories/refresh_token.py", line 21, in create
    orm = await self.add(orm, commit=commit)
          ^^^^^^^^^^^^^^^^^^^^^^^^^^^^^^^^^^
  File "/Users/mac/Documents/Stage-ML/ai-adaptive-learning-platform/backend/app/infrastructure/db/repositories/base.py", line 97, in add
    return await self.create(instance, commit=commit)
           ^^^^^^^^^^^^^^^^^^^^^^^^^^^^^^^^^^^^^^^^^^
  File "/Users/mac/Documents/Stage-ML/ai-adaptive-learning-platform/backend/app/infrastructure/db/repositories/refresh_token.py", line 21, in create
    orm = await self.add(orm, commit=commit)
          ^^^^^^^^^^^^^^^^^^^^^^^^^^^^^^^^^^
  File "/Users/mac/Documents/Stage-ML/ai-adaptive-learning-platform/backend/app/infrastructure/db/repositories/base.py", line 97, in add
    return await self.create(instance, commit=commit)
           ^^^^^^^^^^^^^^^^^^^^^^^^^^^^^^^^^^^^^^^^^^
  File "/Users/mac/Documents/Stage-ML/ai-adaptive-learning-platform/backend/app/infrastructure/db/repositories/refresh_token.py", line 21, in create
    orm = await self.add(orm, commit=commit)
          ^^^^^^^^^^^^^^^^^^^^^^^^^^^^^^^^^^
  File "/Users/mac/Documents/Stage-ML/ai-adaptive-learning-platform/backend/app/infrastructure/db/repositories/base.py", line 97, in add
    return await self.create(instance, commit=commit)
           ^^^^^^^^^^^^^^^^^^^^^^^^^^^^^^^^^^^^^^^^^^
  File "/Users/mac/Documents/Stage-ML/ai-adaptive-learning-platform/backend/app/infrastructure/db/repositories/refresh_token.py", line 21, in create
    orm = await self.add(orm, commit=commit)
          ^^^^^^^^^^^^^^^^^^^^^^^^^^^^^^^^^^
  File "/Users/mac/Documents/Stage-ML/ai-adaptive-learning-platform/backend/app/infrastructure/db/repositories/base.py", line 97, in add
    return await self.create(instance, commit=commit)
           ^^^^^^^^^^^^^^^^^^^^^^^^^^^^^^^^^^^^^^^^^^
  File "/Users/mac/Documents/Stage-ML/ai-adaptive-learning-platform/backend/app/infrastructure/db/repositories/refresh_token.py", line 21, in create
    orm = await self.add(orm, commit=commit)
          ^^^^^^^^^^^^^^^^^^^^^^^^^^^^^^^^^^
  File "/Users/mac/Documents/Stage-ML/ai-adaptive-learning-platform/backend/app/infrastructure/db/repositories/base.py", line 97, in add
    return await self.create(instance, commit=commit)
           ^^^^^^^^^^^^^^^^^^^^^^^^^^^^^^^^^^^^^^^^^^
  File "/Users/mac/Documents/Stage-ML/ai-adaptive-learning-platform/backend/app/infrastructure/db/repositories/refresh_token.py", line 21, in create
    orm = await self.add(orm, commit=commit)
          ^^^^^^^^^^^^^^^^^^^^^^^^^^^^^^^^^^
  File "/Users/mac/Documents/Stage-ML/ai-adaptive-learning-platform/backend/app/infrastructure/db/repositories/base.py", line 97, in add
    return await self.create(instance, commit=commit)
           ^^^^^^^^^^^^^^^^^^^^^^^^^^^^^^^^^^^^^^^^^^
  File "/Users/mac/Documents/Stage-ML/ai-adaptive-learning-platform/backend/app/infrastructure/db/repositories/refresh_token.py", line 21, in create
    orm = await self.add(orm, commit=commit)
          ^^^^^^^^^^^^^^^^^^^^^^^^^^^^^^^^^^
  File "/Users/mac/Documents/Stage-ML/ai-adaptive-learning-platform/backend/app/infrastructure/db/repositories/base.py", line 97, in add
    return await self.create(instance, commit=commit)
           ^^^^^^^^^^^^^^^^^^^^^^^^^^^^^^^^^^^^^^^^^^
  File "/Users/mac/Documents/Stage-ML/ai-adaptive-learning-platform/backend/app/infrastructure/db/repositories/refresh_token.py", line 21, in create
    orm = await self.add(orm, commit=commit)
          ^^^^^^^^^^^^^^^^^^^^^^^^^^^^^^^^^^
  File "/Users/mac/Documents/Stage-ML/ai-adaptive-learning-platform/backend/app/infrastructure/db/repositories/base.py", line 97, in add
    return await self.create(instance, commit=commit)
           ^^^^^^^^^^^^^^^^^^^^^^^^^^^^^^^^^^^^^^^^^^
  File "/Users/mac/Documents/Stage-ML/ai-adaptive-learning-platform/backend/app/infrastructure/db/repositories/refresh_token.py", line 21, in create
    orm = await self.add(orm, commit=commit)
          ^^^^^^^^^^^^^^^^^^^^^^^^^^^^^^^^^^
  File "/Users/mac/Documents/Stage-ML/ai-adaptive-learning-platform/backend/app/infrastructure/db/repositories/base.py", line 97, in add
    return await self.create(instance, commit=commit)
           ^^^^^^^^^^^^^^^^^^^^^^^^^^^^^^^^^^^^^^^^^^
  File "/Users/mac/Documents/Stage-ML/ai-adaptive-learning-platform/backend/app/infrastructure/db/repositories/refresh_token.py", line 21, in create
    orm = await self.add(orm, commit=commit)
          ^^^^^^^^^^^^^^^^^^^^^^^^^^^^^^^^^^
  File "/Users/mac/Documents/Stage-ML/ai-adaptive-learning-platform/backend/app/infrastructure/db/repositories/base.py", line 97, in add
    return await self.create(instance, commit=commit)
           ^^^^^^^^^^^^^^^^^^^^^^^^^^^^^^^^^^^^^^^^^^
  File "/Users/mac/Documents/Stage-ML/ai-adaptive-learning-platform/backend/app/infrastructure/db/repositories/refresh_token.py", line 21, in create
    orm = await self.add(orm, commit=commit)
          ^^^^^^^^^^^^^^^^^^^^^^^^^^^^^^^^^^
  File "/Users/mac/Documents/Stage-ML/ai-adaptive-learning-platform/backend/app/infrastructure/db/repositories/base.py", line 97, in add
    return await self.create(instance, commit=commit)
           ^^^^^^^^^^^^^^^^^^^^^^^^^^^^^^^^^^^^^^^^^^
  File "/Users/mac/Documents/Stage-ML/ai-adaptive-learning-platform/backend/app/infrastructure/db/repositories/refresh_token.py", line 21, in create
    orm = await self.add(orm, commit=commit)
          ^^^^^^^^^^^^^^^^^^^^^^^^^^^^^^^^^^
  File "/Users/mac/Documents/Stage-ML/ai-adaptive-learning-platform/backend/app/infrastructure/db/repositories/base.py", line 97, in add
    return await self.create(instance, commit=commit)
           ^^^^^^^^^^^^^^^^^^^^^^^^^^^^^^^^^^^^^^^^^^
  File "/Users/mac/Documents/Stage-ML/ai-adaptive-learning-platform/backend/app/infrastructure/db/repositories/refresh_token.py", line 21, in create
    orm = await self.add(orm, commit=commit)
          ^^^^^^^^^^^^^^^^^^^^^^^^^^^^^^^^^^
  File "/Users/mac/Documents/Stage-ML/ai-adaptive-learning-platform/backend/app/infrastructure/db/repositories/base.py", line 97, in add
    return await self.create(instance, commit=commit)
           ^^^^^^^^^^^^^^^^^^^^^^^^^^^^^^^^^^^^^^^^^^
  File "/Users/mac/Documents/Stage-ML/ai-adaptive-learning-platform/backend/app/infrastructure/db/repositories/refresh_token.py", line 21, in create
    orm = await self.add(orm, commit=commit)
          ^^^^^^^^^^^^^^^^^^^^^^^^^^^^^^^^^^
  File "/Users/mac/Documents/Stage-ML/ai-adaptive-learning-platform/backend/app/infrastructure/db/repositories/base.py", line 97, in add
    return await self.create(instance, commit=commit)
           ^^^^^^^^^^^^^^^^^^^^^^^^^^^^^^^^^^^^^^^^^^
  File "/Users/mac/Documents/Stage-ML/ai-adaptive-learning-platform/backend/app/infrastructure/db/repositories/refresh_token.py", line 21, in create
    orm = await self.add(orm, commit=commit)
          ^^^^^^^^^^^^^^^^^^^^^^^^^^^^^^^^^^
  File "/Users/mac/Documents/Stage-ML/ai-adaptive-learning-platform/backend/app/infrastructure/db/repositories/base.py", line 97, in add
    return await self.create(instance, commit=commit)
           ^^^^^^^^^^^^^^^^^^^^^^^^^^^^^^^^^^^^^^^^^^
  File "/Users/mac/Documents/Stage-ML/ai-adaptive-learning-platform/backend/app/infrastructure/db/repositories/refresh_token.py", line 21, in create
    orm = await self.add(orm, commit=commit)
          ^^^^^^^^^^^^^^^^^^^^^^^^^^^^^^^^^^
  File "/Users/mac/Documents/Stage-ML/ai-adaptive-learning-platform/backend/app/infrastructure/db/repositories/base.py", line 97, in add
    return await self.create(instance, commit=commit)
           ^^^^^^^^^^^^^^^^^^^^^^^^^^^^^^^^^^^^^^^^^^
  File "/Users/mac/Documents/Stage-ML/ai-adaptive-learning-platform/backend/app/infrastructure/db/repositories/refresh_token.py", line 21, in create
    orm = await self.add(orm, commit=commit)
          ^^^^^^^^^^^^^^^^^^^^^^^^^^^^^^^^^^
  File "/Users/mac/Documents/Stage-ML/ai-adaptive-learning-platform/backend/app/infrastructure/db/repositories/base.py", line 97, in add
    return await self.create(instance, commit=commit)
           ^^^^^^^^^^^^^^^^^^^^^^^^^^^^^^^^^^^^^^^^^^
  File "/Users/mac/Documents/Stage-ML/ai-adaptive-learning-platform/backend/app/infrastructure/db/repositories/refresh_token.py", line 21, in create
    orm = await self.add(orm, commit=commit)
          ^^^^^^^^^^^^^^^^^^^^^^^^^^^^^^^^^^
  File "/Users/mac/Documents/Stage-ML/ai-adaptive-learning-platform/backend/app/infrastructure/db/repositories/base.py", line 97, in add
    return await self.create(instance, commit=commit)
           ^^^^^^^^^^^^^^^^^^^^^^^^^^^^^^^^^^^^^^^^^^
  File "/Users/mac/Documents/Stage-ML/ai-adaptive-learning-platform/backend/app/infrastructure/db/repositories/refresh_token.py", line 21, in create
    orm = await self.add(orm, commit=commit)
          ^^^^^^^^^^^^^^^^^^^^^^^^^^^^^^^^^^
  File "/Users/mac/Documents/Stage-ML/ai-adaptive-learning-platform/backend/app/infrastructure/db/repositories/base.py", line 97, in add
    return await self.create(instance, commit=commit)
           ^^^^^^^^^^^^^^^^^^^^^^^^^^^^^^^^^^^^^^^^^^
  File "/Users/mac/Documents/Stage-ML/ai-adaptive-learning-platform/backend/app/infrastructure/db/repositories/refresh_token.py", line 21, in create
    orm = await self.add(orm, commit=commit)
          ^^^^^^^^^^^^^^^^^^^^^^^^^^^^^^^^^^
  File "/Users/mac/Documents/Stage-ML/ai-adaptive-learning-platform/backend/app/infrastructure/db/repositories/base.py", line 97, in add
    return await self.create(instance, commit=commit)
           ^^^^^^^^^^^^^^^^^^^^^^^^^^^^^^^^^^^^^^^^^^
  File "/Users/mac/Documents/Stage-ML/ai-adaptive-learning-platform/backend/app/infrastructure/db/repositories/refresh_token.py", line 21, in create
    orm = await self.add(orm, commit=commit)
          ^^^^^^^^^^^^^^^^^^^^^^^^^^^^^^^^^^
  File "/Users/mac/Documents/Stage-ML/ai-adaptive-learning-platform/backend/app/infrastructure/db/repositories/base.py", line 97, in add
    return await self.create(instance, commit=commit)
           ^^^^^^^^^^^^^^^^^^^^^^^^^^^^^^^^^^^^^^^^^^
  File "/Users/mac/Documents/Stage-ML/ai-adaptive-learning-platform/backend/app/infrastructure/db/repositories/refresh_token.py", line 21, in create
    orm = await self.add(orm, commit=commit)
          ^^^^^^^^^^^^^^^^^^^^^^^^^^^^^^^^^^
  File "/Users/mac/Documents/Stage-ML/ai-adaptive-learning-platform/backend/app/infrastructure/db/repositories/base.py", line 97, in add
    return await self.create(instance, commit=commit)
           ^^^^^^^^^^^^^^^^^^^^^^^^^^^^^^^^^^^^^^^^^^
  File "/Users/mac/Documents/Stage-ML/ai-adaptive-learning-platform/backend/app/infrastructure/db/repositories/refresh_token.py", line 21, in create
    orm = await self.add(orm, commit=commit)
          ^^^^^^^^^^^^^^^^^^^^^^^^^^^^^^^^^^
  File "/Users/mac/Documents/Stage-ML/ai-adaptive-learning-platform/backend/app/infrastructure/db/repositories/base.py", line 97, in add
    return await self.create(instance, commit=commit)
           ^^^^^^^^^^^^^^^^^^^^^^^^^^^^^^^^^^^^^^^^^^
  File "/Users/mac/Documents/Stage-ML/ai-adaptive-learning-platform/backend/app/infrastructure/db/repositories/refresh_token.py", line 21, in create
    orm = await self.add(orm, commit=commit)
          ^^^^^^^^^^^^^^^^^^^^^^^^^^^^^^^^^^
  File "/Users/mac/Documents/Stage-ML/ai-adaptive-learning-platform/backend/app/infrastructure/db/repositories/base.py", line 97, in add
    return await self.create(instance, commit=commit)
           ^^^^^^^^^^^^^^^^^^^^^^^^^^^^^^^^^^^^^^^^^^
  File "/Users/mac/Documents/Stage-ML/ai-adaptive-learning-platform/backend/app/infrastructure/db/repositories/refresh_token.py", line 21, in create
    orm = await self.add(orm, commit=commit)
          ^^^^^^^^^^^^^^^^^^^^^^^^^^^^^^^^^^
  File "/Users/mac/Documents/Stage-ML/ai-adaptive-learning-platform/backend/app/infrastructure/db/repositories/base.py", line 97, in add
    return await self.create(instance, commit=commit)
           ^^^^^^^^^^^^^^^^^^^^^^^^^^^^^^^^^^^^^^^^^^
  File "/Users/mac/Documents/Stage-ML/ai-adaptive-learning-platform/backend/app/infrastructure/db/repositories/refresh_token.py", line 21, in create
    orm = await self.add(orm, commit=commit)
          ^^^^^^^^^^^^^^^^^^^^^^^^^^^^^^^^^^
  File "/Users/mac/Documents/Stage-ML/ai-adaptive-learning-platform/backend/app/infrastructure/db/repositories/base.py", line 97, in add
    return await self.create(instance, commit=commit)
           ^^^^^^^^^^^^^^^^^^^^^^^^^^^^^^^^^^^^^^^^^^
  File "/Users/mac/Documents/Stage-ML/ai-adaptive-learning-platform/backend/app/infrastructure/db/repositories/refresh_token.py", line 21, in create
    orm = await self.add(orm, commit=commit)
          ^^^^^^^^^^^^^^^^^^^^^^^^^^^^^^^^^^
  File "/Users/mac/Documents/Stage-ML/ai-adaptive-learning-platform/backend/app/infrastructure/db/repositories/base.py", line 97, in add
    return await self.create(instance, commit=commit)
           ^^^^^^^^^^^^^^^^^^^^^^^^^^^^^^^^^^^^^^^^^^
  File "/Users/mac/Documents/Stage-ML/ai-adaptive-learning-platform/backend/app/infrastructure/db/repositories/refresh_token.py", line 21, in create
    orm = await self.add(orm, commit=commit)
          ^^^^^^^^^^^^^^^^^^^^^^^^^^^^^^^^^^
  File "/Users/mac/Documents/Stage-ML/ai-adaptive-learning-platform/backend/app/infrastructure/db/repositories/base.py", line 97, in add
    return await self.create(instance, commit=commit)
           ^^^^^^^^^^^^^^^^^^^^^^^^^^^^^^^^^^^^^^^^^^
  File "/Users/mac/Documents/Stage-ML/ai-adaptive-learning-platform/backend/app/infrastructure/db/repositories/refresh_token.py", line 21, in create
    orm = await self.add(orm, commit=commit)
          ^^^^^^^^^^^^^^^^^^^^^^^^^^^^^^^^^^
  File "/Users/mac/Documents/Stage-ML/ai-adaptive-learning-platform/backend/app/infrastructure/db/repositories/base.py", line 97, in add
    return await self.create(instance, commit=commit)
           ^^^^^^^^^^^^^^^^^^^^^^^^^^^^^^^^^^^^^^^^^^
  File "/Users/mac/Documents/Stage-ML/ai-adaptive-learning-platform/backend/app/infrastructure/db/repositories/refresh_token.py", line 21, in create
    orm = await self.add(orm, commit=commit)
          ^^^^^^^^^^^^^^^^^^^^^^^^^^^^^^^^^^
  File "/Users/mac/Documents/Stage-ML/ai-adaptive-learning-platform/backend/app/infrastructure/db/repositories/base.py", line 97, in add
    return await self.create(instance, commit=commit)
           ^^^^^^^^^^^^^^^^^^^^^^^^^^^^^^^^^^^^^^^^^^
  File "/Users/mac/Documents/Stage-ML/ai-adaptive-learning-platform/backend/app/infrastructure/db/repositories/refresh_token.py", line 21, in create
    orm = await self.add(orm, commit=commit)
          ^^^^^^^^^^^^^^^^^^^^^^^^^^^^^^^^^^
  File "/Users/mac/Documents/Stage-ML/ai-adaptive-learning-platform/backend/app/infrastructure/db/repositories/base.py", line 97, in add
    return await self.create(instance, commit=commit)
           ^^^^^^^^^^^^^^^^^^^^^^^^^^^^^^^^^^^^^^^^^^
  File "/Users/mac/Documents/Stage-ML/ai-adaptive-learning-platform/backend/app/infrastructure/db/repositories/refresh_token.py", line 21, in create
    orm = await self.add(orm, commit=commit)
          ^^^^^^^^^^^^^^^^^^^^^^^^^^^^^^^^^^
  File "/Users/mac/Documents/Stage-ML/ai-adaptive-learning-platform/backend/app/infrastructure/db/repositories/base.py", line 97, in add
    return await self.create(instance, commit=commit)
           ^^^^^^^^^^^^^^^^^^^^^^^^^^^^^^^^^^^^^^^^^^
  File "/Users/mac/Documents/Stage-ML/ai-adaptive-learning-platform/backend/app/infrastructure/db/repositories/refresh_token.py", line 21, in create
    orm = await self.add(orm, commit=commit)
          ^^^^^^^^^^^^^^^^^^^^^^^^^^^^^^^^^^
  File "/Users/mac/Documents/Stage-ML/ai-adaptive-learning-platform/backend/app/infrastructure/db/repositories/base.py", line 97, in add
    return await self.create(instance, commit=commit)
           ^^^^^^^^^^^^^^^^^^^^^^^^^^^^^^^^^^^^^^^^^^
  File "/Users/mac/Documents/Stage-ML/ai-adaptive-learning-platform/backend/app/infrastructure/db/repositories/refresh_token.py", line 21, in create
    orm = await self.add(orm, commit=commit)
          ^^^^^^^^^^^^^^^^^^^^^^^^^^^^^^^^^^
  File "/Users/mac/Documents/Stage-ML/ai-adaptive-learning-platform/backend/app/infrastructure/db/repositories/base.py", line 97, in add
    return await self.create(instance, commit=commit)
           ^^^^^^^^^^^^^^^^^^^^^^^^^^^^^^^^^^^^^^^^^^
  File "/Users/mac/Documents/Stage-ML/ai-adaptive-learning-platform/backend/app/infrastructure/db/repositories/refresh_token.py", line 21, in create
    orm = await self.add(orm, commit=commit)
          ^^^^^^^^^^^^^^^^^^^^^^^^^^^^^^^^^^
  File "/Users/mac/Documents/Stage-ML/ai-adaptive-learning-platform/backend/app/infrastructure/db/repositories/base.py", line 97, in add
    return await self.create(instance, commit=commit)
           ^^^^^^^^^^^^^^^^^^^^^^^^^^^^^^^^^^^^^^^^^^
  File "/Users/mac/Documents/Stage-ML/ai-adaptive-learning-platform/backend/app/infrastructure/db/repositories/refresh_token.py", line 21, in create
    orm = await self.add(orm, commit=commit)
          ^^^^^^^^^^^^^^^^^^^^^^^^^^^^^^^^^^
  File "/Users/mac/Documents/Stage-ML/ai-adaptive-learning-platform/backend/app/infrastructure/db/repositories/base.py", line 97, in add
    return await self.create(instance, commit=commit)
           ^^^^^^^^^^^^^^^^^^^^^^^^^^^^^^^^^^^^^^^^^^
  File "/Users/mac/Documents/Stage-ML/ai-adaptive-learning-platform/backend/app/infrastructure/db/repositories/refresh_token.py", line 21, in create
    orm = await self.add(orm, commit=commit)
          ^^^^^^^^^^^^^^^^^^^^^^^^^^^^^^^^^^
  File "/Users/mac/Documents/Stage-ML/ai-adaptive-learning-platform/backend/app/infrastructure/db/repositories/base.py", line 97, in add
    return await self.create(instance, commit=commit)
           ^^^^^^^^^^^^^^^^^^^^^^^^^^^^^^^^^^^^^^^^^^
  File "/Users/mac/Documents/Stage-ML/ai-adaptive-learning-platform/backend/app/infrastructure/db/repositories/refresh_token.py", line 21, in create
    orm = await self.add(orm, commit=commit)
          ^^^^^^^^^^^^^^^^^^^^^^^^^^^^^^^^^^
  File "/Users/mac/Documents/Stage-ML/ai-adaptive-learning-platform/backend/app/infrastructure/db/repositories/base.py", line 97, in add
    return await self.create(instance, commit=commit)
           ^^^^^^^^^^^^^^^^^^^^^^^^^^^^^^^^^^^^^^^^^^
  File "/Users/mac/Documents/Stage-ML/ai-adaptive-learning-platform/backend/app/infrastructure/db/repositories/refresh_token.py", line 21, in create
    orm = await self.add(orm, commit=commit)
          ^^^^^^^^^^^^^^^^^^^^^^^^^^^^^^^^^^
  File "/Users/mac/Documents/Stage-ML/ai-adaptive-learning-platform/backend/app/infrastructure/db/repositories/base.py", line 97, in add
    return await self.create(instance, commit=commit)
           ^^^^^^^^^^^^^^^^^^^^^^^^^^^^^^^^^^^^^^^^^^
  File "/Users/mac/Documents/Stage-ML/ai-adaptive-learning-platform/backend/app/infrastructure/db/repositories/refresh_token.py", line 21, in create
    orm = await self.add(orm, commit=commit)
          ^^^^^^^^^^^^^^^^^^^^^^^^^^^^^^^^^^
  File "/Users/mac/Documents/Stage-ML/ai-adaptive-learning-platform/backend/app/infrastructure/db/repositories/base.py", line 97, in add
    return await self.create(instance, commit=commit)
           ^^^^^^^^^^^^^^^^^^^^^^^^^^^^^^^^^^^^^^^^^^
  File "/Users/mac/Documents/Stage-ML/ai-adaptive-learning-platform/backend/app/infrastructure/db/repositories/refresh_token.py", line 21, in create
    orm = await self.add(orm, commit=commit)
          ^^^^^^^^^^^^^^^^^^^^^^^^^^^^^^^^^^
  File "/Users/mac/Documents/Stage-ML/ai-adaptive-learning-platform/backend/app/infrastructure/db/repositories/base.py", line 97, in add
    return await self.create(instance, commit=commit)
           ^^^^^^^^^^^^^^^^^^^^^^^^^^^^^^^^^^^^^^^^^^
  File "/Users/mac/Documents/Stage-ML/ai-adaptive-learning-platform/backend/app/infrastructure/db/repositories/refresh_token.py", line 21, in create
    orm = await self.add(orm, commit=commit)
          ^^^^^^^^^^^^^^^^^^^^^^^^^^^^^^^^^^
  File "/Users/mac/Documents/Stage-ML/ai-adaptive-learning-platform/backend/app/infrastructure/db/repositories/base.py", line 97, in add
    return await self.create(instance, commit=commit)
           ^^^^^^^^^^^^^^^^^^^^^^^^^^^^^^^^^^^^^^^^^^
  File "/Users/mac/Documents/Stage-ML/ai-adaptive-learning-platform/backend/app/infrastructure/db/repositories/refresh_token.py", line 21, in create
    orm = await self.add(orm, commit=commit)
          ^^^^^^^^^^^^^^^^^^^^^^^^^^^^^^^^^^
  File "/Users/mac/Documents/Stage-ML/ai-adaptive-learning-platform/backend/app/infrastructure/db/repositories/base.py", line 97, in add
    return await self.create(instance, commit=commit)
           ^^^^^^^^^^^^^^^^^^^^^^^^^^^^^^^^^^^^^^^^^^
  File "/Users/mac/Documents/Stage-ML/ai-adaptive-learning-platform/backend/app/infrastructure/db/repositories/refresh_token.py", line 21, in create
    orm = await self.add(orm, commit=commit)
          ^^^^^^^^^^^^^^^^^^^^^^^^^^^^^^^^^^
  File "/Users/mac/Documents/Stage-ML/ai-adaptive-learning-platform/backend/app/infrastructure/db/repositories/base.py", line 97, in add
    return await self.create(instance, commit=commit)
           ^^^^^^^^^^^^^^^^^^^^^^^^^^^^^^^^^^^^^^^^^^
  File "/Users/mac/Documents/Stage-ML/ai-adaptive-learning-platform/backend/app/infrastructure/db/repositories/refresh_token.py", line 21, in create
    orm = await self.add(orm, commit=commit)
          ^^^^^^^^^^^^^^^^^^^^^^^^^^^^^^^^^^
  File "/Users/mac/Documents/Stage-ML/ai-adaptive-learning-platform/backend/app/infrastructure/db/repositories/base.py", line 97, in add
    return await self.create(instance, commit=commit)
           ^^^^^^^^^^^^^^^^^^^^^^^^^^^^^^^^^^^^^^^^^^
  File "/Users/mac/Documents/Stage-ML/ai-adaptive-learning-platform/backend/app/infrastructure/db/repositories/refresh_token.py", line 21, in create
    orm = await self.add(orm, commit=commit)
          ^^^^^^^^^^^^^^^^^^^^^^^^^^^^^^^^^^
  File "/Users/mac/Documents/Stage-ML/ai-adaptive-learning-platform/backend/app/infrastructure/db/repositories/base.py", line 97, in add
    return await self.create(instance, commit=commit)
           ^^^^^^^^^^^^^^^^^^^^^^^^^^^^^^^^^^^^^^^^^^
  File "/Users/mac/Documents/Stage-ML/ai-adaptive-learning-platform/backend/app/infrastructure/db/repositories/refresh_token.py", line 21, in create
    orm = await self.add(orm, commit=commit)
          ^^^^^^^^^^^^^^^^^^^^^^^^^^^^^^^^^^
  File "/Users/mac/Documents/Stage-ML/ai-adaptive-learning-platform/backend/app/infrastructure/db/repositories/base.py", line 97, in add
    return await self.create(instance, commit=commit)
           ^^^^^^^^^^^^^^^^^^^^^^^^^^^^^^^^^^^^^^^^^^
  File "/Users/mac/Documents/Stage-ML/ai-adaptive-learning-platform/backend/app/infrastructure/db/repositories/refresh_token.py", line 21, in create
    orm = await self.add(orm, commit=commit)
          ^^^^^^^^^^^^^^^^^^^^^^^^^^^^^^^^^^
  File "/Users/mac/Documents/Stage-ML/ai-adaptive-learning-platform/backend/app/infrastructure/db/repositories/base.py", line 97, in add
    return await self.create(instance, commit=commit)
           ^^^^^^^^^^^^^^^^^^^^^^^^^^^^^^^^^^^^^^^^^^
  File "/Users/mac/Documents/Stage-ML/ai-adaptive-learning-platform/backend/app/infrastructure/db/repositories/refresh_token.py", line 21, in create
    orm = await self.add(orm, commit=commit)
          ^^^^^^^^^^^^^^^^^^^^^^^^^^^^^^^^^^
  File "/Users/mac/Documents/Stage-ML/ai-adaptive-learning-platform/backend/app/infrastructure/db/repositories/base.py", line 97, in add
    return await self.create(instance, commit=commit)
           ^^^^^^^^^^^^^^^^^^^^^^^^^^^^^^^^^^^^^^^^^^
  File "/Users/mac/Documents/Stage-ML/ai-adaptive-learning-platform/backend/app/infrastructure/db/repositories/refresh_token.py", line 21, in create
    orm = await self.add(orm, commit=commit)
          ^^^^^^^^^^^^^^^^^^^^^^^^^^^^^^^^^^
  File "/Users/mac/Documents/Stage-ML/ai-adaptive-learning-platform/backend/app/infrastructure/db/repositories/base.py", line 97, in add
    return await self.create(instance, commit=commit)
           ^^^^^^^^^^^^^^^^^^^^^^^^^^^^^^^^^^^^^^^^^^
  File "/Users/mac/Documents/Stage-ML/ai-adaptive-learning-platform/backend/app/infrastructure/db/repositories/refresh_token.py", line 21, in create
    orm = await self.add(orm, commit=commit)
          ^^^^^^^^^^^^^^^^^^^^^^^^^^^^^^^^^^
  File "/Users/mac/Documents/Stage-ML/ai-adaptive-learning-platform/backend/app/infrastructure/db/repositories/base.py", line 97, in add
    return await self.create(instance, commit=commit)
           ^^^^^^^^^^^^^^^^^^^^^^^^^^^^^^^^^^^^^^^^^^
  File "/Users/mac/Documents/Stage-ML/ai-adaptive-learning-platform/backend/app/infrastructure/db/repositories/refresh_token.py", line 21, in create
    orm = await self.add(orm, commit=commit)
          ^^^^^^^^^^^^^^^^^^^^^^^^^^^^^^^^^^
  File "/Users/mac/Documents/Stage-ML/ai-adaptive-learning-platform/backend/app/infrastructure/db/repositories/base.py", line 97, in add
    return await self.create(instance, commit=commit)
           ^^^^^^^^^^^^^^^^^^^^^^^^^^^^^^^^^^^^^^^^^^
  File "/Users/mac/Documents/Stage-ML/ai-adaptive-learning-platform/backend/app/infrastructure/db/repositories/refresh_token.py", line 21, in create
    orm = await self.add(orm, commit=commit)
          ^^^^^^^^^^^^^^^^^^^^^^^^^^^^^^^^^^
  File "/Users/mac/Documents/Stage-ML/ai-adaptive-learning-platform/backend/app/infrastructure/db/repositories/base.py", line 97, in add
    return await self.create(instance, commit=commit)
           ^^^^^^^^^^^^^^^^^^^^^^^^^^^^^^^^^^^^^^^^^^
  File "/Users/mac/Documents/Stage-ML/ai-adaptive-learning-platform/backend/app/infrastructure/db/repositories/refresh_token.py", line 21, in create
    orm = await self.add(orm, commit=commit)
          ^^^^^^^^^^^^^^^^^^^^^^^^^^^^^^^^^^
  File "/Users/mac/Documents/Stage-ML/ai-adaptive-learning-platform/backend/app/infrastructure/db/repositories/base.py", line 97, in add
    return await self.create(instance, commit=commit)
           ^^^^^^^^^^^^^^^^^^^^^^^^^^^^^^^^^^^^^^^^^^
  File "/Users/mac/Documents/Stage-ML/ai-adaptive-learning-platform/backend/app/infrastructure/db/repositories/refresh_token.py", line 21, in create
    orm = await self.add(orm, commit=commit)
          ^^^^^^^^^^^^^^^^^^^^^^^^^^^^^^^^^^
  File "/Users/mac/Documents/Stage-ML/ai-adaptive-learning-platform/backend/app/infrastructure/db/repositories/base.py", line 97, in add
    return await self.create(instance, commit=commit)
           ^^^^^^^^^^^^^^^^^^^^^^^^^^^^^^^^^^^^^^^^^^
  File "/Users/mac/Documents/Stage-ML/ai-adaptive-learning-platform/backend/app/infrastructure/db/repositories/refresh_token.py", line 21, in create
    orm = await self.add(orm, commit=commit)
          ^^^^^^^^^^^^^^^^^^^^^^^^^^^^^^^^^^
  File "/Users/mac/Documents/Stage-ML/ai-adaptive-learning-platform/backend/app/infrastructure/db/repositories/base.py", line 97, in add
    return await self.create(instance, commit=commit)
           ^^^^^^^^^^^^^^^^^^^^^^^^^^^^^^^^^^^^^^^^^^
  File "/Users/mac/Documents/Stage-ML/ai-adaptive-learning-platform/backend/app/infrastructure/db/repositories/refresh_token.py", line 21, in create
    orm = await self.add(orm, commit=commit)
          ^^^^^^^^^^^^^^^^^^^^^^^^^^^^^^^^^^
  File "/Users/mac/Documents/Stage-ML/ai-adaptive-learning-platform/backend/app/infrastructure/db/repositories/base.py", line 97, in add
    return await self.create(instance, commit=commit)
           ^^^^^^^^^^^^^^^^^^^^^^^^^^^^^^^^^^^^^^^^^^
  File "/Users/mac/Documents/Stage-ML/ai-adaptive-learning-platform/backend/app/infrastructure/db/repositories/refresh_token.py", line 21, in create
    orm = await self.add(orm, commit=commit)
          ^^^^^^^^^^^^^^^^^^^^^^^^^^^^^^^^^^
  File "/Users/mac/Documents/Stage-ML/ai-adaptive-learning-platform/backend/app/infrastructure/db/repositories/base.py", line 97, in add
    return await self.create(instance, commit=commit)
           ^^^^^^^^^^^^^^^^^^^^^^^^^^^^^^^^^^^^^^^^^^
  File "/Users/mac/Documents/Stage-ML/ai-adaptive-learning-platform/backend/app/infrastructure/db/repositories/refresh_token.py", line 21, in create
    orm = await self.add(orm, commit=commit)
          ^^^^^^^^^^^^^^^^^^^^^^^^^^^^^^^^^^
  File "/Users/mac/Documents/Stage-ML/ai-adaptive-learning-platform/backend/app/infrastructure/db/repositories/base.py", line 97, in add
    return await self.create(instance, commit=commit)
           ^^^^^^^^^^^^^^^^^^^^^^^^^^^^^^^^^^^^^^^^^^
  File "/Users/mac/Documents/Stage-ML/ai-adaptive-learning-platform/backend/app/infrastructure/db/repositories/refresh_token.py", line 21, in create
    orm = await self.add(orm, commit=commit)
          ^^^^^^^^^^^^^^^^^^^^^^^^^^^^^^^^^^
  File "/Users/mac/Documents/Stage-ML/ai-adaptive-learning-platform/backend/app/infrastructure/db/repositories/base.py", line 97, in add
    return await self.create(instance, commit=commit)
           ^^^^^^^^^^^^^^^^^^^^^^^^^^^^^^^^^^^^^^^^^^
  File "/Users/mac/Documents/Stage-ML/ai-adaptive-learning-platform/backend/app/infrastructure/db/repositories/refresh_token.py", line 21, in create
    orm = await self.add(orm, commit=commit)
          ^^^^^^^^^^^^^^^^^^^^^^^^^^^^^^^^^^
  File "/Users/mac/Documents/Stage-ML/ai-adaptive-learning-platform/backend/app/infrastructure/db/repositories/base.py", line 97, in add
    return await self.create(instance, commit=commit)
           ^^^^^^^^^^^^^^^^^^^^^^^^^^^^^^^^^^^^^^^^^^
  File "/Users/mac/Documents/Stage-ML/ai-adaptive-learning-platform/backend/app/infrastructure/db/repositories/refresh_token.py", line 21, in create
    orm = await self.add(orm, commit=commit)
          ^^^^^^^^^^^^^^^^^^^^^^^^^^^^^^^^^^
  File "/Users/mac/Documents/Stage-ML/ai-adaptive-learning-platform/backend/app/infrastructure/db/repositories/base.py", line 97, in add
    return await self.create(instance, commit=commit)
           ^^^^^^^^^^^^^^^^^^^^^^^^^^^^^^^^^^^^^^^^^^
  File "/Users/mac/Documents/Stage-ML/ai-adaptive-learning-platform/backend/app/infrastructure/db/repositories/refresh_token.py", line 21, in create
    orm = await self.add(orm, commit=commit)
          ^^^^^^^^^^^^^^^^^^^^^^^^^^^^^^^^^^
  File "/Users/mac/Documents/Stage-ML/ai-adaptive-learning-platform/backend/app/infrastructure/db/repositories/base.py", line 97, in add
    return await self.create(instance, commit=commit)
           ^^^^^^^^^^^^^^^^^^^^^^^^^^^^^^^^^^^^^^^^^^
  File "/Users/mac/Documents/Stage-ML/ai-adaptive-learning-platform/backend/app/infrastructure/db/repositories/refresh_token.py", line 21, in create
    orm = await self.add(orm, commit=commit)
          ^^^^^^^^^^^^^^^^^^^^^^^^^^^^^^^^^^
  File "/Users/mac/Documents/Stage-ML/ai-adaptive-learning-platform/backend/app/infrastructure/db/repositories/base.py", line 97, in add
    return await self.create(instance, commit=commit)
           ^^^^^^^^^^^^^^^^^^^^^^^^^^^^^^^^^^^^^^^^^^
  File "/Users/mac/Documents/Stage-ML/ai-adaptive-learning-platform/backend/app/infrastructure/db/repositories/refresh_token.py", line 21, in create
    orm = await self.add(orm, commit=commit)
          ^^^^^^^^^^^^^^^^^^^^^^^^^^^^^^^^^^
  File "/Users/mac/Documents/Stage-ML/ai-adaptive-learning-platform/backend/app/infrastructure/db/repositories/base.py", line 97, in add
    return await self.create(instance, commit=commit)
           ^^^^^^^^^^^^^^^^^^^^^^^^^^^^^^^^^^^^^^^^^^
  File "/Users/mac/Documents/Stage-ML/ai-adaptive-learning-platform/backend/app/infrastructure/db/repositories/refresh_token.py", line 21, in create
    orm = await self.add(orm, commit=commit)
          ^^^^^^^^^^^^^^^^^^^^^^^^^^^^^^^^^^
  File "/Users/mac/Documents/Stage-ML/ai-adaptive-learning-platform/backend/app/infrastructure/db/repositories/base.py", line 97, in add
    return await self.create(instance, commit=commit)
           ^^^^^^^^^^^^^^^^^^^^^^^^^^^^^^^^^^^^^^^^^^
  File "/Users/mac/Documents/Stage-ML/ai-adaptive-learning-platform/backend/app/infrastructure/db/repositories/refresh_token.py", line 21, in create
    orm = await self.add(orm, commit=commit)
          ^^^^^^^^^^^^^^^^^^^^^^^^^^^^^^^^^^
  File "/Users/mac/Documents/Stage-ML/ai-adaptive-learning-platform/backend/app/infrastructure/db/repositories/base.py", line 97, in add
    return await self.create(instance, commit=commit)
           ^^^^^^^^^^^^^^^^^^^^^^^^^^^^^^^^^^^^^^^^^^
  File "/Users/mac/Documents/Stage-ML/ai-adaptive-learning-platform/backend/app/infrastructure/db/repositories/refresh_token.py", line 21, in create
    orm = await self.add(orm, commit=commit)
          ^^^^^^^^^^^^^^^^^^^^^^^^^^^^^^^^^^
  File "/Users/mac/Documents/Stage-ML/ai-adaptive-learning-platform/backend/app/infrastructure/db/repositories/base.py", line 97, in add
    return await self.create(instance, commit=commit)
           ^^^^^^^^^^^^^^^^^^^^^^^^^^^^^^^^^^^^^^^^^^
  File "/Users/mac/Documents/Stage-ML/ai-adaptive-learning-platform/backend/app/infrastructure/db/repositories/refresh_token.py", line 21, in create
    orm = await self.add(orm, commit=commit)
          ^^^^^^^^^^^^^^^^^^^^^^^^^^^^^^^^^^
  File "/Users/mac/Documents/Stage-ML/ai-adaptive-learning-platform/backend/app/infrastructure/db/repositories/base.py", line 97, in add
    return await self.create(instance, commit=commit)
           ^^^^^^^^^^^^^^^^^^^^^^^^^^^^^^^^^^^^^^^^^^
  File "/Users/mac/Documents/Stage-ML/ai-adaptive-learning-platform/backend/app/infrastructure/db/repositories/refresh_token.py", line 21, in create
    orm = await self.add(orm, commit=commit)
          ^^^^^^^^^^^^^^^^^^^^^^^^^^^^^^^^^^
  File "/Users/mac/Documents/Stage-ML/ai-adaptive-learning-platform/backend/app/infrastructure/db/repositories/base.py", line 97, in add
    return await self.create(instance, commit=commit)
           ^^^^^^^^^^^^^^^^^^^^^^^^^^^^^^^^^^^^^^^^^^
  File "/Users/mac/Documents/Stage-ML/ai-adaptive-learning-platform/backend/app/infrastructure/db/repositories/refresh_token.py", line 21, in create
    orm = await self.add(orm, commit=commit)
          ^^^^^^^^^^^^^^^^^^^^^^^^^^^^^^^^^^
  File "/Users/mac/Documents/Stage-ML/ai-adaptive-learning-platform/backend/app/infrastructure/db/repositories/base.py", line 97, in add
    return await self.create(instance, commit=commit)
           ^^^^^^^^^^^^^^^^^^^^^^^^^^^^^^^^^^^^^^^^^^
  File "/Users/mac/Documents/Stage-ML/ai-adaptive-learning-platform/backend/app/infrastructure/db/repositories/refresh_token.py", line 21, in create
    orm = await self.add(orm, commit=commit)
          ^^^^^^^^^^^^^^^^^^^^^^^^^^^^^^^^^^
  File "/Users/mac/Documents/Stage-ML/ai-adaptive-learning-platform/backend/app/infrastructure/db/repositories/base.py", line 97, in add
    return await self.create(instance, commit=commit)
           ^^^^^^^^^^^^^^^^^^^^^^^^^^^^^^^^^^^^^^^^^^
  File "/Users/mac/Documents/Stage-ML/ai-adaptive-learning-platform/backend/app/infrastructure/db/repositories/refresh_token.py", line 21, in create
    orm = await self.add(orm, commit=commit)
          ^^^^^^^^^^^^^^^^^^^^^^^^^^^^^^^^^^
  File "/Users/mac/Documents/Stage-ML/ai-adaptive-learning-platform/backend/app/infrastructure/db/repositories/base.py", line 97, in add
    return await self.create(instance, commit=commit)
           ^^^^^^^^^^^^^^^^^^^^^^^^^^^^^^^^^^^^^^^^^^
  File "/Users/mac/Documents/Stage-ML/ai-adaptive-learning-platform/backend/app/infrastructure/db/repositories/refresh_token.py", line 21, in create
    orm = await self.add(orm, commit=commit)
          ^^^^^^^^^^^^^^^^^^^^^^^^^^^^^^^^^^
  File "/Users/mac/Documents/Stage-ML/ai-adaptive-learning-platform/backend/app/infrastructure/db/repositories/base.py", line 97, in add
    return await self.create(instance, commit=commit)
           ^^^^^^^^^^^^^^^^^^^^^^^^^^^^^^^^^^^^^^^^^^
  File "/Users/mac/Documents/Stage-ML/ai-adaptive-learning-platform/backend/app/infrastructure/db/repositories/refresh_token.py", line 21, in create
    orm = await self.add(orm, commit=commit)
          ^^^^^^^^^^^^^^^^^^^^^^^^^^^^^^^^^^
  File "/Users/mac/Documents/Stage-ML/ai-adaptive-learning-platform/backend/app/infrastructure/db/repositories/base.py", line 97, in add
    return await self.create(instance, commit=commit)
           ^^^^^^^^^^^^^^^^^^^^^^^^^^^^^^^^^^^^^^^^^^
  File "/Users/mac/Documents/Stage-ML/ai-adaptive-learning-platform/backend/app/infrastructure/db/repositories/refresh_token.py", line 21, in create
    orm = await self.add(orm, commit=commit)
          ^^^^^^^^^^^^^^^^^^^^^^^^^^^^^^^^^^
  File "/Users/mac/Documents/Stage-ML/ai-adaptive-learning-platform/backend/app/infrastructure/db/repositories/base.py", line 97, in add
    return await self.create(instance, commit=commit)
           ^^^^^^^^^^^^^^^^^^^^^^^^^^^^^^^^^^^^^^^^^^
  File "/Users/mac/Documents/Stage-ML/ai-adaptive-learning-platform/backend/app/infrastructure/db/repositories/refresh_token.py", line 21, in create
    orm = await self.add(orm, commit=commit)
          ^^^^^^^^^^^^^^^^^^^^^^^^^^^^^^^^^^
  File "/Users/mac/Documents/Stage-ML/ai-adaptive-learning-platform/backend/app/infrastructure/db/repositories/base.py", line 97, in add
    return await self.create(instance, commit=commit)
           ^^^^^^^^^^^^^^^^^^^^^^^^^^^^^^^^^^^^^^^^^^
  File "/Users/mac/Documents/Stage-ML/ai-adaptive-learning-platform/backend/app/infrastructure/db/repositories/refresh_token.py", line 21, in create
    orm = await self.add(orm, commit=commit)
          ^^^^^^^^^^^^^^^^^^^^^^^^^^^^^^^^^^
  File "/Users/mac/Documents/Stage-ML/ai-adaptive-learning-platform/backend/app/infrastructure/db/repositories/base.py", line 97, in add
    return await self.create(instance, commit=commit)
           ^^^^^^^^^^^^^^^^^^^^^^^^^^^^^^^^^^^^^^^^^^
  File "/Users/mac/Documents/Stage-ML/ai-adaptive-learning-platform/backend/app/infrastructure/db/repositories/refresh_token.py", line 21, in create
    orm = await self.add(orm, commit=commit)
          ^^^^^^^^^^^^^^^^^^^^^^^^^^^^^^^^^^
  File "/Users/mac/Documents/Stage-ML/ai-adaptive-learning-platform/backend/app/infrastructure/db/repositories/base.py", line 97, in add
    return await self.create(instance, commit=commit)
           ^^^^^^^^^^^^^^^^^^^^^^^^^^^^^^^^^^^^^^^^^^
  File "/Users/mac/Documents/Stage-ML/ai-adaptive-learning-platform/backend/app/infrastructure/db/repositories/refresh_token.py", line 21, in create
    orm = await self.add(orm, commit=commit)
          ^^^^^^^^^^^^^^^^^^^^^^^^^^^^^^^^^^
  File "/Users/mac/Documents/Stage-ML/ai-adaptive-learning-platform/backend/app/infrastructure/db/repositories/base.py", line 97, in add
    return await self.create(instance, commit=commit)
           ^^^^^^^^^^^^^^^^^^^^^^^^^^^^^^^^^^^^^^^^^^
  File "/Users/mac/Documents/Stage-ML/ai-adaptive-learning-platform/backend/app/infrastructure/db/repositories/refresh_token.py", line 21, in create
    orm = await self.add(orm, commit=commit)
          ^^^^^^^^^^^^^^^^^^^^^^^^^^^^^^^^^^
  File "/Users/mac/Documents/Stage-ML/ai-adaptive-learning-platform/backend/app/infrastructure/db/repositories/base.py", line 97, in add
    return await self.create(instance, commit=commit)
           ^^^^^^^^^^^^^^^^^^^^^^^^^^^^^^^^^^^^^^^^^^
  File "/Users/mac/Documents/Stage-ML/ai-adaptive-learning-platform/backend/app/infrastructure/db/repositories/refresh_token.py", line 21, in create
    orm = await self.add(orm, commit=commit)
          ^^^^^^^^^^^^^^^^^^^^^^^^^^^^^^^^^^
  File "/Users/mac/Documents/Stage-ML/ai-adaptive-learning-platform/backend/app/infrastructure/db/repositories/base.py", line 97, in add
    return await self.create(instance, commit=commit)
           ^^^^^^^^^^^^^^^^^^^^^^^^^^^^^^^^^^^^^^^^^^
  File "/Users/mac/Documents/Stage-ML/ai-adaptive-learning-platform/backend/app/infrastructure/db/repositories/refresh_token.py", line 21, in create
    orm = await self.add(orm, commit=commit)
          ^^^^^^^^^^^^^^^^^^^^^^^^^^^^^^^^^^
  File "/Users/mac/Documents/Stage-ML/ai-adaptive-learning-platform/backend/app/infrastructure/db/repositories/base.py", line 97, in add
    return await self.create(instance, commit=commit)
           ^^^^^^^^^^^^^^^^^^^^^^^^^^^^^^^^^^^^^^^^^^
  File "/Users/mac/Documents/Stage-ML/ai-adaptive-learning-platform/backend/app/infrastructure/db/repositories/refresh_token.py", line 21, in create
    orm = await self.add(orm, commit=commit)
          ^^^^^^^^^^^^^^^^^^^^^^^^^^^^^^^^^^
  File "/Users/mac/Documents/Stage-ML/ai-adaptive-learning-platform/backend/app/infrastructure/db/repositories/base.py", line 97, in add
    return await self.create(instance, commit=commit)
           ^^^^^^^^^^^^^^^^^^^^^^^^^^^^^^^^^^^^^^^^^^
  File "/Users/mac/Documents/Stage-ML/ai-adaptive-learning-platform/backend/app/infrastructure/db/repositories/refresh_token.py", line 21, in create
    orm = await self.add(orm, commit=commit)
          ^^^^^^^^^^^^^^^^^^^^^^^^^^^^^^^^^^
  File "/Users/mac/Documents/Stage-ML/ai-adaptive-learning-platform/backend/app/infrastructure/db/repositories/base.py", line 97, in add
    return await self.create(instance, commit=commit)
           ^^^^^^^^^^^^^^^^^^^^^^^^^^^^^^^^^^^^^^^^^^
  File "/Users/mac/Documents/Stage-ML/ai-adaptive-learning-platform/backend/app/infrastructure/db/repositories/refresh_token.py", line 21, in create
    orm = await self.add(orm, commit=commit)
          ^^^^^^^^^^^^^^^^^^^^^^^^^^^^^^^^^^
  File "/Users/mac/Documents/Stage-ML/ai-adaptive-learning-platform/backend/app/infrastructure/db/repositories/base.py", line 97, in add
    return await self.create(instance, commit=commit)
           ^^^^^^^^^^^^^^^^^^^^^^^^^^^^^^^^^^^^^^^^^^
  File "/Users/mac/Documents/Stage-ML/ai-adaptive-learning-platform/backend/app/infrastructure/db/repositories/refresh_token.py", line 21, in create
    orm = await self.add(orm, commit=commit)
          ^^^^^^^^^^^^^^^^^^^^^^^^^^^^^^^^^^
  File "/Users/mac/Documents/Stage-ML/ai-adaptive-learning-platform/backend/app/infrastructure/db/repositories/base.py", line 97, in add
    return await self.create(instance, commit=commit)
           ^^^^^^^^^^^^^^^^^^^^^^^^^^^^^^^^^^^^^^^^^^
  File "/Users/mac/Documents/Stage-ML/ai-adaptive-learning-platform/backend/app/infrastructure/db/repositories/refresh_token.py", line 21, in create
    orm = await self.add(orm, commit=commit)
          ^^^^^^^^^^^^^^^^^^^^^^^^^^^^^^^^^^
  File "/Users/mac/Documents/Stage-ML/ai-adaptive-learning-platform/backend/app/infrastructure/db/repositories/base.py", line 97, in add
    return await self.create(instance, commit=commit)
           ^^^^^^^^^^^^^^^^^^^^^^^^^^^^^^^^^^^^^^^^^^
  File "/Users/mac/Documents/Stage-ML/ai-adaptive-learning-platform/backend/app/infrastructure/db/repositories/refresh_token.py", line 21, in create
    orm = await self.add(orm, commit=commit)
          ^^^^^^^^^^^^^^^^^^^^^^^^^^^^^^^^^^
  File "/Users/mac/Documents/Stage-ML/ai-adaptive-learning-platform/backend/app/infrastructure/db/repositories/base.py", line 97, in add
    return await self.create(instance, commit=commit)
           ^^^^^^^^^^^^^^^^^^^^^^^^^^^^^^^^^^^^^^^^^^
  File "/Users/mac/Documents/Stage-ML/ai-adaptive-learning-platform/backend/app/infrastructure/db/repositories/refresh_token.py", line 21, in create
    orm = await self.add(orm, commit=commit)
          ^^^^^^^^^^^^^^^^^^^^^^^^^^^^^^^^^^
  File "/Users/mac/Documents/Stage-ML/ai-adaptive-learning-platform/backend/app/infrastructure/db/repositories/base.py", line 97, in add
    return await self.create(instance, commit=commit)
           ^^^^^^^^^^^^^^^^^^^^^^^^^^^^^^^^^^^^^^^^^^
  File "/Users/mac/Documents/Stage-ML/ai-adaptive-learning-platform/backend/app/infrastructure/db/repositories/refresh_token.py", line 21, in create
    orm = await self.add(orm, commit=commit)
          ^^^^^^^^^^^^^^^^^^^^^^^^^^^^^^^^^^
  File "/Users/mac/Documents/Stage-ML/ai-adaptive-learning-platform/backend/app/infrastructure/db/repositories/base.py", line 97, in add
    return await self.create(instance, commit=commit)
           ^^^^^^^^^^^^^^^^^^^^^^^^^^^^^^^^^^^^^^^^^^
  File "/Users/mac/Documents/Stage-ML/ai-adaptive-learning-platform/backend/app/infrastructure/db/repositories/refresh_token.py", line 21, in create
    orm = await self.add(orm, commit=commit)
          ^^^^^^^^^^^^^^^^^^^^^^^^^^^^^^^^^^
  File "/Users/mac/Documents/Stage-ML/ai-adaptive-learning-platform/backend/app/infrastructure/db/repositories/base.py", line 97, in add
    return await self.create(instance, commit=commit)
           ^^^^^^^^^^^^^^^^^^^^^^^^^^^^^^^^^^^^^^^^^^
  File "/Users/mac/Documents/Stage-ML/ai-adaptive-learning-platform/backend/app/infrastructure/db/repositories/refresh_token.py", line 21, in create
    orm = await self.add(orm, commit=commit)
          ^^^^^^^^^^^^^^^^^^^^^^^^^^^^^^^^^^
  File "/Users/mac/Documents/Stage-ML/ai-adaptive-learning-platform/backend/app/infrastructure/db/repositories/base.py", line 97, in add
    return await self.create(instance, commit=commit)
           ^^^^^^^^^^^^^^^^^^^^^^^^^^^^^^^^^^^^^^^^^^
  File "/Users/mac/Documents/Stage-ML/ai-adaptive-learning-platform/backend/app/infrastructure/db/repositories/refresh_token.py", line 21, in create
    orm = await self.add(orm, commit=commit)
          ^^^^^^^^^^^^^^^^^^^^^^^^^^^^^^^^^^
  File "/Users/mac/Documents/Stage-ML/ai-adaptive-learning-platform/backend/app/infrastructure/db/repositories/base.py", line 97, in add
    return await self.create(instance, commit=commit)
           ^^^^^^^^^^^^^^^^^^^^^^^^^^^^^^^^^^^^^^^^^^
  File "/Users/mac/Documents/Stage-ML/ai-adaptive-learning-platform/backend/app/infrastructure/db/repositories/refresh_token.py", line 21, in create
    orm = await self.add(orm, commit=commit)
          ^^^^^^^^^^^^^^^^^^^^^^^^^^^^^^^^^^
  File "/Users/mac/Documents/Stage-ML/ai-adaptive-learning-platform/backend/app/infrastructure/db/repositories/base.py", line 97, in add
    return await self.create(instance, commit=commit)
           ^^^^^^^^^^^^^^^^^^^^^^^^^^^^^^^^^^^^^^^^^^
  File "/Users/mac/Documents/Stage-ML/ai-adaptive-learning-platform/backend/app/infrastructure/db/repositories/refresh_token.py", line 21, in create
    orm = await self.add(orm, commit=commit)
          ^^^^^^^^^^^^^^^^^^^^^^^^^^^^^^^^^^
  File "/Users/mac/Documents/Stage-ML/ai-adaptive-learning-platform/backend/app/infrastructure/db/repositories/base.py", line 97, in add
    return await self.create(instance, commit=commit)
           ^^^^^^^^^^^^^^^^^^^^^^^^^^^^^^^^^^^^^^^^^^
  File "/Users/mac/Documents/Stage-ML/ai-adaptive-learning-platform/backend/app/infrastructure/db/repositories/refresh_token.py", line 21, in create
    orm = await self.add(orm, commit=commit)
          ^^^^^^^^^^^^^^^^^^^^^^^^^^^^^^^^^^
  File "/Users/mac/Documents/Stage-ML/ai-adaptive-learning-platform/backend/app/infrastructure/db/repositories/base.py", line 97, in add
    return await self.create(instance, commit=commit)
           ^^^^^^^^^^^^^^^^^^^^^^^^^^^^^^^^^^^^^^^^^^
  File "/Users/mac/Documents/Stage-ML/ai-adaptive-learning-platform/backend/app/infrastructure/db/repositories/refresh_token.py", line 21, in create
    orm = await self.add(orm, commit=commit)
          ^^^^^^^^^^^^^^^^^^^^^^^^^^^^^^^^^^
  File "/Users/mac/Documents/Stage-ML/ai-adaptive-learning-platform/backend/app/infrastructure/db/repositories/base.py", line 97, in add
    return await self.create(instance, commit=commit)
           ^^^^^^^^^^^^^^^^^^^^^^^^^^^^^^^^^^^^^^^^^^
  File "/Users/mac/Documents/Stage-ML/ai-adaptive-learning-platform/backend/app/infrastructure/db/repositories/refresh_token.py", line 21, in create
    orm = await self.add(orm, commit=commit)
          ^^^^^^^^^^^^^^^^^^^^^^^^^^^^^^^^^^
  File "/Users/mac/Documents/Stage-ML/ai-adaptive-learning-platform/backend/app/infrastructure/db/repositories/base.py", line 97, in add
    return await self.create(instance, commit=commit)
           ^^^^^^^^^^^^^^^^^^^^^^^^^^^^^^^^^^^^^^^^^^
  File "/Users/mac/Documents/Stage-ML/ai-adaptive-learning-platform/backend/app/infrastructure/db/repositories/refresh_token.py", line 21, in create
    orm = await self.add(orm, commit=commit)
          ^^^^^^^^^^^^^^^^^^^^^^^^^^^^^^^^^^
  File "/Users/mac/Documents/Stage-ML/ai-adaptive-learning-platform/backend/app/infrastructure/db/repositories/base.py", line 97, in add
    return await self.create(instance, commit=commit)
           ^^^^^^^^^^^^^^^^^^^^^^^^^^^^^^^^^^^^^^^^^^
  File "/Users/mac/Documents/Stage-ML/ai-adaptive-learning-platform/backend/app/infrastructure/db/repositories/refresh_token.py", line 21, in create
    orm = await self.add(orm, commit=commit)
          ^^^^^^^^^^^^^^^^^^^^^^^^^^^^^^^^^^
  File "/Users/mac/Documents/Stage-ML/ai-adaptive-learning-platform/backend/app/infrastructure/db/repositories/base.py", line 97, in add
    return await self.create(instance, commit=commit)
           ^^^^^^^^^^^^^^^^^^^^^^^^^^^^^^^^^^^^^^^^^^
  File "/Users/mac/Documents/Stage-ML/ai-adaptive-learning-platform/backend/app/infrastructure/db/repositories/refresh_token.py", line 21, in create
    orm = await self.add(orm, commit=commit)
          ^^^^^^^^^^^^^^^^^^^^^^^^^^^^^^^^^^
  File "/Users/mac/Documents/Stage-ML/ai-adaptive-learning-platform/backend/app/infrastructure/db/repositories/base.py", line 97, in add
    return await self.create(instance, commit=commit)
           ^^^^^^^^^^^^^^^^^^^^^^^^^^^^^^^^^^^^^^^^^^
  File "/Users/mac/Documents/Stage-ML/ai-adaptive-learning-platform/backend/app/infrastructure/db/repositories/refresh_token.py", line 21, in create
    orm = await self.add(orm, commit=commit)
          ^^^^^^^^^^^^^^^^^^^^^^^^^^^^^^^^^^
  File "/Users/mac/Documents/Stage-ML/ai-adaptive-learning-platform/backend/app/infrastructure/db/repositories/base.py", line 97, in add
    return await self.create(instance, commit=commit)
           ^^^^^^^^^^^^^^^^^^^^^^^^^^^^^^^^^^^^^^^^^^
  File "/Users/mac/Documents/Stage-ML/ai-adaptive-learning-platform/backend/app/infrastructure/db/repositories/refresh_token.py", line 21, in create
    orm = await self.add(orm, commit=commit)
          ^^^^^^^^^^^^^^^^^^^^^^^^^^^^^^^^^^
  File "/Users/mac/Documents/Stage-ML/ai-adaptive-learning-platform/backend/app/infrastructure/db/repositories/base.py", line 97, in add
    return await self.create(instance, commit=commit)
           ^^^^^^^^^^^^^^^^^^^^^^^^^^^^^^^^^^^^^^^^^^
  File "/Users/mac/Documents/Stage-ML/ai-adaptive-learning-platform/backend/app/infrastructure/db/repositories/refresh_token.py", line 21, in create
    orm = await self.add(orm, commit=commit)
          ^^^^^^^^^^^^^^^^^^^^^^^^^^^^^^^^^^
  File "/Users/mac/Documents/Stage-ML/ai-adaptive-learning-platform/backend/app/infrastructure/db/repositories/base.py", line 97, in add
    return await self.create(instance, commit=commit)
           ^^^^^^^^^^^^^^^^^^^^^^^^^^^^^^^^^^^^^^^^^^
  File "/Users/mac/Documents/Stage-ML/ai-adaptive-learning-platform/backend/app/infrastructure/db/repositories/refresh_token.py", line 21, in create
    orm = await self.add(orm, commit=commit)
          ^^^^^^^^^^^^^^^^^^^^^^^^^^^^^^^^^^
  File "/Users/mac/Documents/Stage-ML/ai-adaptive-learning-platform/backend/app/infrastructure/db/repositories/base.py", line 97, in add
    return await self.create(instance, commit=commit)
           ^^^^^^^^^^^^^^^^^^^^^^^^^^^^^^^^^^^^^^^^^^
  File "/Users/mac/Documents/Stage-ML/ai-adaptive-learning-platform/backend/app/infrastructure/db/repositories/refresh_token.py", line 21, in create
    orm = await self.add(orm, commit=commit)
          ^^^^^^^^^^^^^^^^^^^^^^^^^^^^^^^^^^
  File "/Users/mac/Documents/Stage-ML/ai-adaptive-learning-platform/backend/app/infrastructure/db/repositories/base.py", line 97, in add
    return await self.create(instance, commit=commit)
           ^^^^^^^^^^^^^^^^^^^^^^^^^^^^^^^^^^^^^^^^^^
  File "/Users/mac/Documents/Stage-ML/ai-adaptive-learning-platform/backend/app/infrastructure/db/repositories/refresh_token.py", line 21, in create
    orm = await self.add(orm, commit=commit)
          ^^^^^^^^^^^^^^^^^^^^^^^^^^^^^^^^^^
  File "/Users/mac/Documents/Stage-ML/ai-adaptive-learning-platform/backend/app/infrastructure/db/repositories/base.py", line 97, in add
    return await self.create(instance, commit=commit)
           ^^^^^^^^^^^^^^^^^^^^^^^^^^^^^^^^^^^^^^^^^^
  File "/Users/mac/Documents/Stage-ML/ai-adaptive-learning-platform/backend/app/infrastructure/db/repositories/refresh_token.py", line 21, in create
    orm = await self.add(orm, commit=commit)
          ^^^^^^^^^^^^^^^^^^^^^^^^^^^^^^^^^^
  File "/Users/mac/Documents/Stage-ML/ai-adaptive-learning-platform/backend/app/infrastructure/db/repositories/base.py", line 97, in add
    return await self.create(instance, commit=commit)
           ^^^^^^^^^^^^^^^^^^^^^^^^^^^^^^^^^^^^^^^^^^
  File "/Users/mac/Documents/Stage-ML/ai-adaptive-learning-platform/backend/app/infrastructure/db/repositories/refresh_token.py", line 21, in create
    orm = await self.add(orm, commit=commit)
          ^^^^^^^^^^^^^^^^^^^^^^^^^^^^^^^^^^
  File "/Users/mac/Documents/Stage-ML/ai-adaptive-learning-platform/backend/app/infrastructure/db/repositories/base.py", line 97, in add
    return await self.create(instance, commit=commit)
           ^^^^^^^^^^^^^^^^^^^^^^^^^^^^^^^^^^^^^^^^^^
  File "/Users/mac/Documents/Stage-ML/ai-adaptive-learning-platform/backend/app/infrastructure/db/repositories/refresh_token.py", line 21, in create
    orm = await self.add(orm, commit=commit)
          ^^^^^^^^^^^^^^^^^^^^^^^^^^^^^^^^^^
  File "/Users/mac/Documents/Stage-ML/ai-adaptive-learning-platform/backend/app/infrastructure/db/repositories/base.py", line 97, in add
    return await self.create(instance, commit=commit)
           ^^^^^^^^^^^^^^^^^^^^^^^^^^^^^^^^^^^^^^^^^^
  File "/Users/mac/Documents/Stage-ML/ai-adaptive-learning-platform/backend/app/infrastructure/db/repositories/refresh_token.py", line 21, in create
    orm = await self.add(orm, commit=commit)
          ^^^^^^^^^^^^^^^^^^^^^^^^^^^^^^^^^^
  File "/Users/mac/Documents/Stage-ML/ai-adaptive-learning-platform/backend/app/infrastructure/db/repositories/base.py", line 97, in add
    return await self.create(instance, commit=commit)
           ^^^^^^^^^^^^^^^^^^^^^^^^^^^^^^^^^^^^^^^^^^
  File "/Users/mac/Documents/Stage-ML/ai-adaptive-learning-platform/backend/app/infrastructure/db/repositories/refresh_token.py", line 21, in create
    orm = await self.add(orm, commit=commit)
          ^^^^^^^^^^^^^^^^^^^^^^^^^^^^^^^^^^
  File "/Users/mac/Documents/Stage-ML/ai-adaptive-learning-platform/backend/app/infrastructure/db/repositories/base.py", line 97, in add
    return await self.create(instance, commit=commit)
           ^^^^^^^^^^^^^^^^^^^^^^^^^^^^^^^^^^^^^^^^^^
  File "/Users/mac/Documents/Stage-ML/ai-adaptive-learning-platform/backend/app/infrastructure/db/repositories/refresh_token.py", line 21, in create
    orm = await self.add(orm, commit=commit)
          ^^^^^^^^^^^^^^^^^^^^^^^^^^^^^^^^^^
  File "/Users/mac/Documents/Stage-ML/ai-adaptive-learning-platform/backend/app/infrastructure/db/repositories/base.py", line 97, in add
    return await self.create(instance, commit=commit)
           ^^^^^^^^^^^^^^^^^^^^^^^^^^^^^^^^^^^^^^^^^^
  File "/Users/mac/Documents/Stage-ML/ai-adaptive-learning-platform/backend/app/infrastructure/db/repositories/refresh_token.py", line 21, in create
    orm = await self.add(orm, commit=commit)
          ^^^^^^^^^^^^^^^^^^^^^^^^^^^^^^^^^^
  File "/Users/mac/Documents/Stage-ML/ai-adaptive-learning-platform/backend/app/infrastructure/db/repositories/base.py", line 97, in add
    return await self.create(instance, commit=commit)
           ^^^^^^^^^^^^^^^^^^^^^^^^^^^^^^^^^^^^^^^^^^
  File "/Users/mac/Documents/Stage-ML/ai-adaptive-learning-platform/backend/app/infrastructure/db/repositories/refresh_token.py", line 21, in create
    orm = await self.add(orm, commit=commit)
          ^^^^^^^^^^^^^^^^^^^^^^^^^^^^^^^^^^
  File "/Users/mac/Documents/Stage-ML/ai-adaptive-learning-platform/backend/app/infrastructure/db/repositories/base.py", line 97, in add
    return await self.create(instance, commit=commit)
           ^^^^^^^^^^^^^^^^^^^^^^^^^^^^^^^^^^^^^^^^^^
  File "/Users/mac/Documents/Stage-ML/ai-adaptive-learning-platform/backend/app/infrastructure/db/repositories/refresh_token.py", line 21, in create
    orm = await self.add(orm, commit=commit)
          ^^^^^^^^^^^^^^^^^^^^^^^^^^^^^^^^^^
  File "/Users/mac/Documents/Stage-ML/ai-adaptive-learning-platform/backend/app/infrastructure/db/repositories/base.py", line 97, in add
    return await self.create(instance, commit=commit)
           ^^^^^^^^^^^^^^^^^^^^^^^^^^^^^^^^^^^^^^^^^^
  File "/Users/mac/Documents/Stage-ML/ai-adaptive-learning-platform/backend/app/infrastructure/db/repositories/refresh_token.py", line 21, in create
    orm = await self.add(orm, commit=commit)
          ^^^^^^^^^^^^^^^^^^^^^^^^^^^^^^^^^^
  File "/Users/mac/Documents/Stage-ML/ai-adaptive-learning-platform/backend/app/infrastructure/db/repositories/base.py", line 97, in add
    return await self.create(instance, commit=commit)
           ^^^^^^^^^^^^^^^^^^^^^^^^^^^^^^^^^^^^^^^^^^
  File "/Users/mac/Documents/Stage-ML/ai-adaptive-learning-platform/backend/app/infrastructure/db/repositories/refresh_token.py", line 21, in create
    orm = await self.add(orm, commit=commit)
          ^^^^^^^^^^^^^^^^^^^^^^^^^^^^^^^^^^
  File "/Users/mac/Documents/Stage-ML/ai-adaptive-learning-platform/backend/app/infrastructure/db/repositories/base.py", line 97, in add
    return await self.create(instance, commit=commit)
           ^^^^^^^^^^^^^^^^^^^^^^^^^^^^^^^^^^^^^^^^^^
  File "/Users/mac/Documents/Stage-ML/ai-adaptive-learning-platform/backend/app/infrastructure/db/repositories/refresh_token.py", line 21, in create
    orm = await self.add(orm, commit=commit)
          ^^^^^^^^^^^^^^^^^^^^^^^^^^^^^^^^^^
  File "/Users/mac/Documents/Stage-ML/ai-adaptive-learning-platform/backend/app/infrastructure/db/repositories/base.py", line 97, in add
    return await self.create(instance, commit=commit)
           ^^^^^^^^^^^^^^^^^^^^^^^^^^^^^^^^^^^^^^^^^^
  File "/Users/mac/Documents/Stage-ML/ai-adaptive-learning-platform/backend/app/infrastructure/db/repositories/refresh_token.py", line 21, in create
    orm = await self.add(orm, commit=commit)
          ^^^^^^^^^^^^^^^^^^^^^^^^^^^^^^^^^^
  File "/Users/mac/Documents/Stage-ML/ai-adaptive-learning-platform/backend/app/infrastructure/db/repositories/base.py", line 97, in add
    return await self.create(instance, commit=commit)
           ^^^^^^^^^^^^^^^^^^^^^^^^^^^^^^^^^^^^^^^^^^
  File "/Users/mac/Documents/Stage-ML/ai-adaptive-learning-platform/backend/app/infrastructure/db/repositories/refresh_token.py", line 21, in create
    orm = await self.add(orm, commit=commit)
          ^^^^^^^^^^^^^^^^^^^^^^^^^^^^^^^^^^
  File "/Users/mac/Documents/Stage-ML/ai-adaptive-learning-platform/backend/app/infrastructure/db/repositories/base.py", line 97, in add
    return await self.create(instance, commit=commit)
           ^^^^^^^^^^^^^^^^^^^^^^^^^^^^^^^^^^^^^^^^^^
  File "/Users/mac/Documents/Stage-ML/ai-adaptive-learning-platform/backend/app/infrastructure/db/repositories/refresh_token.py", line 21, in create
    orm = await self.add(orm, commit=commit)
          ^^^^^^^^^^^^^^^^^^^^^^^^^^^^^^^^^^
  File "/Users/mac/Documents/Stage-ML/ai-adaptive-learning-platform/backend/app/infrastructure/db/repositories/base.py", line 97, in add
    return await self.create(instance, commit=commit)
           ^^^^^^^^^^^^^^^^^^^^^^^^^^^^^^^^^^^^^^^^^^
  File "/Users/mac/Documents/Stage-ML/ai-adaptive-learning-platform/backend/app/infrastructure/db/repositories/refresh_token.py", line 21, in create
    orm = await self.add(orm, commit=commit)
          ^^^^^^^^^^^^^^^^^^^^^^^^^^^^^^^^^^
  File "/Users/mac/Documents/Stage-ML/ai-adaptive-learning-platform/backend/app/infrastructure/db/repositories/base.py", line 97, in add
    return await self.create(instance, commit=commit)
           ^^^^^^^^^^^^^^^^^^^^^^^^^^^^^^^^^^^^^^^^^^
  File "/Users/mac/Documents/Stage-ML/ai-adaptive-learning-platform/backend/app/infrastructure/db/repositories/refresh_token.py", line 21, in create
    orm = await self.add(orm, commit=commit)
          ^^^^^^^^^^^^^^^^^^^^^^^^^^^^^^^^^^
  File "/Users/mac/Documents/Stage-ML/ai-adaptive-learning-platform/backend/app/infrastructure/db/repositories/base.py", line 97, in add
    return await self.create(instance, commit=commit)
           ^^^^^^^^^^^^^^^^^^^^^^^^^^^^^^^^^^^^^^^^^^
  File "/Users/mac/Documents/Stage-ML/ai-adaptive-learning-platform/backend/app/infrastructure/db/repositories/refresh_token.py", line 21, in create
    orm = await self.add(orm, commit=commit)
          ^^^^^^^^^^^^^^^^^^^^^^^^^^^^^^^^^^
  File "/Users/mac/Documents/Stage-ML/ai-adaptive-learning-platform/backend/app/infrastructure/db/repositories/base.py", line 97, in add
    return await self.create(instance, commit=commit)
           ^^^^^^^^^^^^^^^^^^^^^^^^^^^^^^^^^^^^^^^^^^
  File "/Users/mac/Documents/Stage-ML/ai-adaptive-learning-platform/backend/app/infrastructure/db/repositories/refresh_token.py", line 21, in create
    orm = await self.add(orm, commit=commit)
          ^^^^^^^^^^^^^^^^^^^^^^^^^^^^^^^^^^
  File "/Users/mac/Documents/Stage-ML/ai-adaptive-learning-platform/backend/app/infrastructure/db/repositories/base.py", line 97, in add
    return await self.create(instance, commit=commit)
           ^^^^^^^^^^^^^^^^^^^^^^^^^^^^^^^^^^^^^^^^^^
  File "/Users/mac/Documents/Stage-ML/ai-adaptive-learning-platform/backend/app/infrastructure/db/repositories/refresh_token.py", line 21, in create
    orm = await self.add(orm, commit=commit)
          ^^^^^^^^^^^^^^^^^^^^^^^^^^^^^^^^^^
  File "/Users/mac/Documents/Stage-ML/ai-adaptive-learning-platform/backend/app/infrastructure/db/repositories/base.py", line 97, in add
    return await self.create(instance, commit=commit)
           ^^^^^^^^^^^^^^^^^^^^^^^^^^^^^^^^^^^^^^^^^^
  File "/Users/mac/Documents/Stage-ML/ai-adaptive-learning-platform/backend/app/infrastructure/db/repositories/refresh_token.py", line 21, in create
    orm = await self.add(orm, commit=commit)
          ^^^^^^^^^^^^^^^^^^^^^^^^^^^^^^^^^^
  File "/Users/mac/Documents/Stage-ML/ai-adaptive-learning-platform/backend/app/infrastructure/db/repositories/base.py", line 97, in add
    return await self.create(instance, commit=commit)
           ^^^^^^^^^^^^^^^^^^^^^^^^^^^^^^^^^^^^^^^^^^
  File "/Users/mac/Documents/Stage-ML/ai-adaptive-learning-platform/backend/app/infrastructure/db/repositories/refresh_token.py", line 21, in create
    orm = await self.add(orm, commit=commit)
          ^^^^^^^^^^^^^^^^^^^^^^^^^^^^^^^^^^
  File "/Users/mac/Documents/Stage-ML/ai-adaptive-learning-platform/backend/app/infrastructure/db/repositories/base.py", line 97, in add
    return await self.create(instance, commit=commit)
           ^^^^^^^^^^^^^^^^^^^^^^^^^^^^^^^^^^^^^^^^^^
  File "/Users/mac/Documents/Stage-ML/ai-adaptive-learning-platform/backend/app/infrastructure/db/repositories/refresh_token.py", line 21, in create
    orm = await self.add(orm, commit=commit)
          ^^^^^^^^^^^^^^^^^^^^^^^^^^^^^^^^^^
  File "/Users/mac/Documents/Stage-ML/ai-adaptive-learning-platform/backend/app/infrastructure/db/repositories/base.py", line 97, in add
    return await self.create(instance, commit=commit)
           ^^^^^^^^^^^^^^^^^^^^^^^^^^^^^^^^^^^^^^^^^^
  File "/Users/mac/Documents/Stage-ML/ai-adaptive-learning-platform/backend/app/infrastructure/db/repositories/refresh_token.py", line 21, in create
    orm = await self.add(orm, commit=commit)
          ^^^^^^^^^^^^^^^^^^^^^^^^^^^^^^^^^^
  File "/Users/mac/Documents/Stage-ML/ai-adaptive-learning-platform/backend/app/infrastructure/db/repositories/base.py", line 97, in add
    return await self.create(instance, commit=commit)
           ^^^^^^^^^^^^^^^^^^^^^^^^^^^^^^^^^^^^^^^^^^
  File "/Users/mac/Documents/Stage-ML/ai-adaptive-learning-platform/backend/app/infrastructure/db/repositories/refresh_token.py", line 21, in create
    orm = await self.add(orm, commit=commit)
          ^^^^^^^^^^^^^^^^^^^^^^^^^^^^^^^^^^
  File "/Users/mac/Documents/Stage-ML/ai-adaptive-learning-platform/backend/app/infrastructure/db/repositories/base.py", line 97, in add
    return await self.create(instance, commit=commit)
           ^^^^^^^^^^^^^^^^^^^^^^^^^^^^^^^^^^^^^^^^^^
  File "/Users/mac/Documents/Stage-ML/ai-adaptive-learning-platform/backend/app/infrastructure/db/repositories/refresh_token.py", line 21, in create
    orm = await self.add(orm, commit=commit)
          ^^^^^^^^^^^^^^^^^^^^^^^^^^^^^^^^^^
  File "/Users/mac/Documents/Stage-ML/ai-adaptive-learning-platform/backend/app/infrastructure/db/repositories/base.py", line 97, in add
    return await self.create(instance, commit=commit)
           ^^^^^^^^^^^^^^^^^^^^^^^^^^^^^^^^^^^^^^^^^^
  File "/Users/mac/Documents/Stage-ML/ai-adaptive-learning-platform/backend/app/infrastructure/db/repositories/refresh_token.py", line 21, in create
    orm = await self.add(orm, commit=commit)
          ^^^^^^^^^^^^^^^^^^^^^^^^^^^^^^^^^^
  File "/Users/mac/Documents/Stage-ML/ai-adaptive-learning-platform/backend/app/infrastructure/db/repositories/base.py", line 97, in add
    return await self.create(instance, commit=commit)
           ^^^^^^^^^^^^^^^^^^^^^^^^^^^^^^^^^^^^^^^^^^
  File "/Users/mac/Documents/Stage-ML/ai-adaptive-learning-platform/backend/app/infrastructure/db/repositories/refresh_token.py", line 21, in create
    orm = await self.add(orm, commit=commit)
          ^^^^^^^^^^^^^^^^^^^^^^^^^^^^^^^^^^
  File "/Users/mac/Documents/Stage-ML/ai-adaptive-learning-platform/backend/app/infrastructure/db/repositories/base.py", line 97, in add
    return await self.create(instance, commit=commit)
           ^^^^^^^^^^^^^^^^^^^^^^^^^^^^^^^^^^^^^^^^^^
  File "/Users/mac/Documents/Stage-ML/ai-adaptive-learning-platform/backend/app/infrastructure/db/repositories/refresh_token.py", line 21, in create
    orm = await self.add(orm, commit=commit)
          ^^^^^^^^^^^^^^^^^^^^^^^^^^^^^^^^^^
  File "/Users/mac/Documents/Stage-ML/ai-adaptive-learning-platform/backend/app/infrastructure/db/repositories/base.py", line 97, in add
    return await self.create(instance, commit=commit)
           ^^^^^^^^^^^^^^^^^^^^^^^^^^^^^^^^^^^^^^^^^^
  File "/Users/mac/Documents/Stage-ML/ai-adaptive-learning-platform/backend/app/infrastructure/db/repositories/refresh_token.py", line 21, in create
    orm = await self.add(orm, commit=commit)
          ^^^^^^^^^^^^^^^^^^^^^^^^^^^^^^^^^^
  File "/Users/mac/Documents/Stage-ML/ai-adaptive-learning-platform/backend/app/infrastructure/db/repositories/base.py", line 97, in add
    return await self.create(instance, commit=commit)
           ^^^^^^^^^^^^^^^^^^^^^^^^^^^^^^^^^^^^^^^^^^
  File "/Users/mac/Documents/Stage-ML/ai-adaptive-learning-platform/backend/app/infrastructure/db/repositories/refresh_token.py", line 21, in create
    orm = await self.add(orm, commit=commit)
          ^^^^^^^^^^^^^^^^^^^^^^^^^^^^^^^^^^
  File "/Users/mac/Documents/Stage-ML/ai-adaptive-learning-platform/backend/app/infrastructure/db/repositories/base.py", line 97, in add
    return await self.create(instance, commit=commit)
           ^^^^^^^^^^^^^^^^^^^^^^^^^^^^^^^^^^^^^^^^^^
  File "/Users/mac/Documents/Stage-ML/ai-adaptive-learning-platform/backend/app/infrastructure/db/repositories/refresh_token.py", line 21, in create
    orm = await self.add(orm, commit=commit)
          ^^^^^^^^^^^^^^^^^^^^^^^^^^^^^^^^^^
  File "/Users/mac/Documents/Stage-ML/ai-adaptive-learning-platform/backend/app/infrastructure/db/repositories/base.py", line 97, in add
    return await self.create(instance, commit=commit)
           ^^^^^^^^^^^^^^^^^^^^^^^^^^^^^^^^^^^^^^^^^^
  File "/Users/mac/Documents/Stage-ML/ai-adaptive-learning-platform/backend/app/infrastructure/db/repositories/refresh_token.py", line 21, in create
    orm = await self.add(orm, commit=commit)
          ^^^^^^^^^^^^^^^^^^^^^^^^^^^^^^^^^^
  File "/Users/mac/Documents/Stage-ML/ai-adaptive-learning-platform/backend/app/infrastructure/db/repositories/base.py", line 97, in add
    return await self.create(instance, commit=commit)
           ^^^^^^^^^^^^^^^^^^^^^^^^^^^^^^^^^^^^^^^^^^
  File "/Users/mac/Documents/Stage-ML/ai-adaptive-learning-platform/backend/app/infrastructure/db/repositories/refresh_token.py", line 21, in create
    orm = await self.add(orm, commit=commit)
          ^^^^^^^^^^^^^^^^^^^^^^^^^^^^^^^^^^
  File "/Users/mac/Documents/Stage-ML/ai-adaptive-learning-platform/backend/app/infrastructure/db/repositories/base.py", line 97, in add
    return await self.create(instance, commit=commit)
           ^^^^^^^^^^^^^^^^^^^^^^^^^^^^^^^^^^^^^^^^^^
  File "/Users/mac/Documents/Stage-ML/ai-adaptive-learning-platform/backend/app/infrastructure/db/repositories/refresh_token.py", line 21, in create
    orm = await self.add(orm, commit=commit)
          ^^^^^^^^^^^^^^^^^^^^^^^^^^^^^^^^^^
  File "/Users/mac/Documents/Stage-ML/ai-adaptive-learning-platform/backend/app/infrastructure/db/repositories/base.py", line 97, in add
    return await self.create(instance, commit=commit)
           ^^^^^^^^^^^^^^^^^^^^^^^^^^^^^^^^^^^^^^^^^^
  File "/Users/mac/Documents/Stage-ML/ai-adaptive-learning-platform/backend/app/infrastructure/db/repositories/refresh_token.py", line 21, in create
    orm = await self.add(orm, commit=commit)
          ^^^^^^^^^^^^^^^^^^^^^^^^^^^^^^^^^^
  File "/Users/mac/Documents/Stage-ML/ai-adaptive-learning-platform/backend/app/infrastructure/db/repositories/base.py", line 97, in add
    return await self.create(instance, commit=commit)
           ^^^^^^^^^^^^^^^^^^^^^^^^^^^^^^^^^^^^^^^^^^
  File "/Users/mac/Documents/Stage-ML/ai-adaptive-learning-platform/backend/app/infrastructure/db/repositories/refresh_token.py", line 21, in create
    orm = await self.add(orm, commit=commit)
          ^^^^^^^^^^^^^^^^^^^^^^^^^^^^^^^^^^
  File "/Users/mac/Documents/Stage-ML/ai-adaptive-learning-platform/backend/app/infrastructure/db/repositories/base.py", line 97, in add
    return await self.create(instance, commit=commit)
           ^^^^^^^^^^^^^^^^^^^^^^^^^^^^^^^^^^^^^^^^^^
  File "/Users/mac/Documents/Stage-ML/ai-adaptive-learning-platform/backend/app/infrastructure/db/repositories/refresh_token.py", line 21, in create
    orm = await self.add(orm, commit=commit)
          ^^^^^^^^^^^^^^^^^^^^^^^^^^^^^^^^^^
  File "/Users/mac/Documents/Stage-ML/ai-adaptive-learning-platform/backend/app/infrastructure/db/repositories/base.py", line 97, in add
    return await self.create(instance, commit=commit)
           ^^^^^^^^^^^^^^^^^^^^^^^^^^^^^^^^^^^^^^^^^^
  File "/Users/mac/Documents/Stage-ML/ai-adaptive-learning-platform/backend/app/infrastructure/db/repositories/refresh_token.py", line 21, in create
    orm = await self.add(orm, commit=commit)
          ^^^^^^^^^^^^^^^^^^^^^^^^^^^^^^^^^^
  File "/Users/mac/Documents/Stage-ML/ai-adaptive-learning-platform/backend/app/infrastructure/db/repositories/base.py", line 97, in add
    return await self.create(instance, commit=commit)
           ^^^^^^^^^^^^^^^^^^^^^^^^^^^^^^^^^^^^^^^^^^
  File "/Users/mac/Documents/Stage-ML/ai-adaptive-learning-platform/backend/app/infrastructure/db/repositories/refresh_token.py", line 21, in create
    orm = await self.add(orm, commit=commit)
          ^^^^^^^^^^^^^^^^^^^^^^^^^^^^^^^^^^
  File "/Users/mac/Documents/Stage-ML/ai-adaptive-learning-platform/backend/app/infrastructure/db/repositories/base.py", line 97, in add
    return await self.create(instance, commit=commit)
           ^^^^^^^^^^^^^^^^^^^^^^^^^^^^^^^^^^^^^^^^^^
  File "/Users/mac/Documents/Stage-ML/ai-adaptive-learning-platform/backend/app/infrastructure/db/repositories/refresh_token.py", line 21, in create
    orm = await self.add(orm, commit=commit)
          ^^^^^^^^^^^^^^^^^^^^^^^^^^^^^^^^^^
  File "/Users/mac/Documents/Stage-ML/ai-adaptive-learning-platform/backend/app/infrastructure/db/repositories/base.py", line 97, in add
    return await self.create(instance, commit=commit)
           ^^^^^^^^^^^^^^^^^^^^^^^^^^^^^^^^^^^^^^^^^^
  File "/Users/mac/Documents/Stage-ML/ai-adaptive-learning-platform/backend/app/infrastructure/db/repositories/refresh_token.py", line 21, in create
    orm = await self.add(orm, commit=commit)
          ^^^^^^^^^^^^^^^^^^^^^^^^^^^^^^^^^^
  File "/Users/mac/Documents/Stage-ML/ai-adaptive-learning-platform/backend/app/infrastructure/db/repositories/base.py", line 97, in add
    return await self.create(instance, commit=commit)
           ^^^^^^^^^^^^^^^^^^^^^^^^^^^^^^^^^^^^^^^^^^
  File "/Users/mac/Documents/Stage-ML/ai-adaptive-learning-platform/backend/app/infrastructure/db/repositories/refresh_token.py", line 21, in create
    orm = await self.add(orm, commit=commit)
          ^^^^^^^^^^^^^^^^^^^^^^^^^^^^^^^^^^
  File "/Users/mac/Documents/Stage-ML/ai-adaptive-learning-platform/backend/app/infrastructure/db/repositories/base.py", line 97, in add
    return await self.create(instance, commit=commit)
           ^^^^^^^^^^^^^^^^^^^^^^^^^^^^^^^^^^^^^^^^^^
  File "/Users/mac/Documents/Stage-ML/ai-adaptive-learning-platform/backend/app/infrastructure/db/repositories/refresh_token.py", line 21, in create
    orm = await self.add(orm, commit=commit)
          ^^^^^^^^^^^^^^^^^^^^^^^^^^^^^^^^^^
  File "/Users/mac/Documents/Stage-ML/ai-adaptive-learning-platform/backend/app/infrastructure/db/repositories/base.py", line 97, in add
    return await self.create(instance, commit=commit)
           ^^^^^^^^^^^^^^^^^^^^^^^^^^^^^^^^^^^^^^^^^^
  File "/Users/mac/Documents/Stage-ML/ai-adaptive-learning-platform/backend/app/infrastructure/db/repositories/refresh_token.py", line 21, in create
    orm = await self.add(orm, commit=commit)
          ^^^^^^^^^^^^^^^^^^^^^^^^^^^^^^^^^^
  File "/Users/mac/Documents/Stage-ML/ai-adaptive-learning-platform/backend/app/infrastructure/db/repositories/base.py", line 97, in add
    return await self.create(instance, commit=commit)
           ^^^^^^^^^^^^^^^^^^^^^^^^^^^^^^^^^^^^^^^^^^
  File "/Users/mac/Documents/Stage-ML/ai-adaptive-learning-platform/backend/app/infrastructure/db/repositories/refresh_token.py", line 21, in create
    orm = await self.add(orm, commit=commit)
          ^^^^^^^^^^^^^^^^^^^^^^^^^^^^^^^^^^
  File "/Users/mac/Documents/Stage-ML/ai-adaptive-learning-platform/backend/app/infrastructure/db/repositories/base.py", line 97, in add
    return await self.create(instance, commit=commit)
           ^^^^^^^^^^^^^^^^^^^^^^^^^^^^^^^^^^^^^^^^^^
  File "/Users/mac/Documents/Stage-ML/ai-adaptive-learning-platform/backend/app/infrastructure/db/repositories/refresh_token.py", line 21, in create
    orm = await self.add(orm, commit=commit)
          ^^^^^^^^^^^^^^^^^^^^^^^^^^^^^^^^^^
  File "/Users/mac/Documents/Stage-ML/ai-adaptive-learning-platform/backend/app/infrastructure/db/repositories/base.py", line 97, in add
    return await self.create(instance, commit=commit)
           ^^^^^^^^^^^^^^^^^^^^^^^^^^^^^^^^^^^^^^^^^^
  File "/Users/mac/Documents/Stage-ML/ai-adaptive-learning-platform/backend/app/infrastructure/db/repositories/refresh_token.py", line 21, in create
    orm = await self.add(orm, commit=commit)
          ^^^^^^^^^^^^^^^^^^^^^^^^^^^^^^^^^^
  File "/Users/mac/Documents/Stage-ML/ai-adaptive-learning-platform/backend/app/infrastructure/db/repositories/base.py", line 97, in add
    return await self.create(instance, commit=commit)
           ^^^^^^^^^^^^^^^^^^^^^^^^^^^^^^^^^^^^^^^^^^
  File "/Users/mac/Documents/Stage-ML/ai-adaptive-learning-platform/backend/app/infrastructure/db/repositories/refresh_token.py", line 21, in create
    orm = await self.add(orm, commit=commit)
          ^^^^^^^^^^^^^^^^^^^^^^^^^^^^^^^^^^
  File "/Users/mac/Documents/Stage-ML/ai-adaptive-learning-platform/backend/app/infrastructure/db/repositories/base.py", line 97, in add
    return await self.create(instance, commit=commit)
           ^^^^^^^^^^^^^^^^^^^^^^^^^^^^^^^^^^^^^^^^^^
  File "/Users/mac/Documents/Stage-ML/ai-adaptive-learning-platform/backend/app/infrastructure/db/repositories/refresh_token.py", line 21, in create
    orm = await self.add(orm, commit=commit)
          ^^^^^^^^^^^^^^^^^^^^^^^^^^^^^^^^^^
  File "/Users/mac/Documents/Stage-ML/ai-adaptive-learning-platform/backend/app/infrastructure/db/repositories/base.py", line 97, in add
    return await self.create(instance, commit=commit)
           ^^^^^^^^^^^^^^^^^^^^^^^^^^^^^^^^^^^^^^^^^^
  File "/Users/mac/Documents/Stage-ML/ai-adaptive-learning-platform/backend/app/infrastructure/db/repositories/refresh_token.py", line 21, in create
    orm = await self.add(orm, commit=commit)
          ^^^^^^^^^^^^^^^^^^^^^^^^^^^^^^^^^^
  File "/Users/mac/Documents/Stage-ML/ai-adaptive-learning-platform/backend/app/infrastructure/db/repositories/base.py", line 97, in add
    return await self.create(instance, commit=commit)
           ^^^^^^^^^^^^^^^^^^^^^^^^^^^^^^^^^^^^^^^^^^
  File "/Users/mac/Documents/Stage-ML/ai-adaptive-learning-platform/backend/app/infrastructure/db/repositories/refresh_token.py", line 21, in create
    orm = await self.add(orm, commit=commit)
          ^^^^^^^^^^^^^^^^^^^^^^^^^^^^^^^^^^
  File "/Users/mac/Documents/Stage-ML/ai-adaptive-learning-platform/backend/app/infrastructure/db/repositories/base.py", line 97, in add
    return await self.create(instance, commit=commit)
           ^^^^^^^^^^^^^^^^^^^^^^^^^^^^^^^^^^^^^^^^^^
  File "/Users/mac/Documents/Stage-ML/ai-adaptive-learning-platform/backend/app/infrastructure/db/repositories/refresh_token.py", line 21, in create
    orm = await self.add(orm, commit=commit)
          ^^^^^^^^^^^^^^^^^^^^^^^^^^^^^^^^^^
  File "/Users/mac/Documents/Stage-ML/ai-adaptive-learning-platform/backend/app/infrastructure/db/repositories/base.py", line 97, in add
    return await self.create(instance, commit=commit)
           ^^^^^^^^^^^^^^^^^^^^^^^^^^^^^^^^^^^^^^^^^^
  File "/Users/mac/Documents/Stage-ML/ai-adaptive-learning-platform/backend/app/infrastructure/db/repositories/refresh_token.py", line 21, in create
    orm = await self.add(orm, commit=commit)
          ^^^^^^^^^^^^^^^^^^^^^^^^^^^^^^^^^^
  File "/Users/mac/Documents/Stage-ML/ai-adaptive-learning-platform/backend/app/infrastructure/db/repositories/base.py", line 97, in add
    return await self.create(instance, commit=commit)
           ^^^^^^^^^^^^^^^^^^^^^^^^^^^^^^^^^^^^^^^^^^
  File "/Users/mac/Documents/Stage-ML/ai-adaptive-learning-platform/backend/app/infrastructure/db/repositories/refresh_token.py", line 21, in create
    orm = await self.add(orm, commit=commit)
          ^^^^^^^^^^^^^^^^^^^^^^^^^^^^^^^^^^
  File "/Users/mac/Documents/Stage-ML/ai-adaptive-learning-platform/backend/app/infrastructure/db/repositories/base.py", line 97, in add
    return await self.create(instance, commit=commit)
           ^^^^^^^^^^^^^^^^^^^^^^^^^^^^^^^^^^^^^^^^^^
  File "/Users/mac/Documents/Stage-ML/ai-adaptive-learning-platform/backend/app/infrastructure/db/repositories/refresh_token.py", line 21, in create
    orm = await self.add(orm, commit=commit)
          ^^^^^^^^^^^^^^^^^^^^^^^^^^^^^^^^^^
  File "/Users/mac/Documents/Stage-ML/ai-adaptive-learning-platform/backend/app/infrastructure/db/repositories/base.py", line 97, in add
    return await self.create(instance, commit=commit)
           ^^^^^^^^^^^^^^^^^^^^^^^^^^^^^^^^^^^^^^^^^^
  File "/Users/mac/Documents/Stage-ML/ai-adaptive-learning-platform/backend/app/infrastructure/db/repositories/refresh_token.py", line 21, in create
    orm = await self.add(orm, commit=commit)
          ^^^^^^^^^^^^^^^^^^^^^^^^^^^^^^^^^^
  File "/Users/mac/Documents/Stage-ML/ai-adaptive-learning-platform/backend/app/infrastructure/db/repositories/base.py", line 97, in add
    return await self.create(instance, commit=commit)
           ^^^^^^^^^^^^^^^^^^^^^^^^^^^^^^^^^^^^^^^^^^
  File "/Users/mac/Documents/Stage-ML/ai-adaptive-learning-platform/backend/app/infrastructure/db/repositories/refresh_token.py", line 21, in create
    orm = await self.add(orm, commit=commit)
          ^^^^^^^^^^^^^^^^^^^^^^^^^^^^^^^^^^
  File "/Users/mac/Documents/Stage-ML/ai-adaptive-learning-platform/backend/app/infrastructure/db/repositories/base.py", line 97, in add
    return await self.create(instance, commit=commit)
           ^^^^^^^^^^^^^^^^^^^^^^^^^^^^^^^^^^^^^^^^^^
  File "/Users/mac/Documents/Stage-ML/ai-adaptive-learning-platform/backend/app/infrastructure/db/repositories/refresh_token.py", line 21, in create
    orm = await self.add(orm, commit=commit)
          ^^^^^^^^^^^^^^^^^^^^^^^^^^^^^^^^^^
  File "/Users/mac/Documents/Stage-ML/ai-adaptive-learning-platform/backend/app/infrastructure/db/repositories/base.py", line 97, in add
    return await self.create(instance, commit=commit)
           ^^^^^^^^^^^^^^^^^^^^^^^^^^^^^^^^^^^^^^^^^^
  File "/Users/mac/Documents/Stage-ML/ai-adaptive-learning-platform/backend/app/infrastructure/db/repositories/refresh_token.py", line 21, in create
    orm = await self.add(orm, commit=commit)
          ^^^^^^^^^^^^^^^^^^^^^^^^^^^^^^^^^^
  File "/Users/mac/Documents/Stage-ML/ai-adaptive-learning-platform/backend/app/infrastructure/db/repositories/base.py", line 97, in add
    return await self.create(instance, commit=commit)
           ^^^^^^^^^^^^^^^^^^^^^^^^^^^^^^^^^^^^^^^^^^
  File "/Users/mac/Documents/Stage-ML/ai-adaptive-learning-platform/backend/app/infrastructure/db/repositories/refresh_token.py", line 21, in create
    orm = await self.add(orm, commit=commit)
          ^^^^^^^^^^^^^^^^^^^^^^^^^^^^^^^^^^
  File "/Users/mac/Documents/Stage-ML/ai-adaptive-learning-platform/backend/app/infrastructure/db/repositories/base.py", line 97, in add
    return await self.create(instance, commit=commit)
           ^^^^^^^^^^^^^^^^^^^^^^^^^^^^^^^^^^^^^^^^^^
  File "/Users/mac/Documents/Stage-ML/ai-adaptive-learning-platform/backend/app/infrastructure/db/repositories/refresh_token.py", line 21, in create
    orm = await self.add(orm, commit=commit)
          ^^^^^^^^^^^^^^^^^^^^^^^^^^^^^^^^^^
  File "/Users/mac/Documents/Stage-ML/ai-adaptive-learning-platform/backend/app/infrastructure/db/repositories/base.py", line 97, in add
    return await self.create(instance, commit=commit)
           ^^^^^^^^^^^^^^^^^^^^^^^^^^^^^^^^^^^^^^^^^^
  File "/Users/mac/Documents/Stage-ML/ai-adaptive-learning-platform/backend/app/infrastructure/db/repositories/refresh_token.py", line 21, in create
    orm = await self.add(orm, commit=commit)
          ^^^^^^^^^^^^^^^^^^^^^^^^^^^^^^^^^^
  File "/Users/mac/Documents/Stage-ML/ai-adaptive-learning-platform/backend/app/infrastructure/db/repositories/base.py", line 97, in add
    return await self.create(instance, commit=commit)
           ^^^^^^^^^^^^^^^^^^^^^^^^^^^^^^^^^^^^^^^^^^
  File "/Users/mac/Documents/Stage-ML/ai-adaptive-learning-platform/backend/app/infrastructure/db/repositories/refresh_token.py", line 21, in create
    orm = await self.add(orm, commit=commit)
          ^^^^^^^^^^^^^^^^^^^^^^^^^^^^^^^^^^
  File "/Users/mac/Documents/Stage-ML/ai-adaptive-learning-platform/backend/app/infrastructure/db/repositories/base.py", line 97, in add
    return await self.create(instance, commit=commit)
           ^^^^^^^^^^^^^^^^^^^^^^^^^^^^^^^^^^^^^^^^^^
  File "/Users/mac/Documents/Stage-ML/ai-adaptive-learning-platform/backend/app/infrastructure/db/repositories/refresh_token.py", line 21, in create
    orm = await self.add(orm, commit=commit)
          ^^^^^^^^^^^^^^^^^^^^^^^^^^^^^^^^^^
  File "/Users/mac/Documents/Stage-ML/ai-adaptive-learning-platform/backend/app/infrastructure/db/repositories/base.py", line 97, in add
    return await self.create(instance, commit=commit)
           ^^^^^^^^^^^^^^^^^^^^^^^^^^^^^^^^^^^^^^^^^^
  File "/Users/mac/Documents/Stage-ML/ai-adaptive-learning-platform/backend/app/infrastructure/db/repositories/refresh_token.py", line 21, in create
    orm = await self.add(orm, commit=commit)
          ^^^^^^^^^^^^^^^^^^^^^^^^^^^^^^^^^^
  File "/Users/mac/Documents/Stage-ML/ai-adaptive-learning-platform/backend/app/infrastructure/db/repositories/base.py", line 97, in add
    return await self.create(instance, commit=commit)
           ^^^^^^^^^^^^^^^^^^^^^^^^^^^^^^^^^^^^^^^^^^
  File "/Users/mac/Documents/Stage-ML/ai-adaptive-learning-platform/backend/app/infrastructure/db/repositories/refresh_token.py", line 21, in create
    orm = await self.add(orm, commit=commit)
          ^^^^^^^^^^^^^^^^^^^^^^^^^^^^^^^^^^
  File "/Users/mac/Documents/Stage-ML/ai-adaptive-learning-platform/backend/app/infrastructure/db/repositories/base.py", line 97, in add
    return await self.create(instance, commit=commit)
           ^^^^^^^^^^^^^^^^^^^^^^^^^^^^^^^^^^^^^^^^^^
  File "/Users/mac/Documents/Stage-ML/ai-adaptive-learning-platform/backend/app/infrastructure/db/repositories/refresh_token.py", line 21, in create
    orm = await self.add(orm, commit=commit)
          ^^^^^^^^^^^^^^^^^^^^^^^^^^^^^^^^^^
  File "/Users/mac/Documents/Stage-ML/ai-adaptive-learning-platform/backend/app/infrastructure/db/repositories/base.py", line 97, in add
    return await self.create(instance, commit=commit)
           ^^^^^^^^^^^^^^^^^^^^^^^^^^^^^^^^^^^^^^^^^^
  File "/Users/mac/Documents/Stage-ML/ai-adaptive-learning-platform/backend/app/infrastructure/db/repositories/refresh_token.py", line 21, in create
    orm = await self.add(orm, commit=commit)
          ^^^^^^^^^^^^^^^^^^^^^^^^^^^^^^^^^^
  File "/Users/mac/Documents/Stage-ML/ai-adaptive-learning-platform/backend/app/infrastructure/db/repositories/base.py", line 97, in add
    return await self.create(instance, commit=commit)
           ^^^^^^^^^^^^^^^^^^^^^^^^^^^^^^^^^^^^^^^^^^
  File "/Users/mac/Documents/Stage-ML/ai-adaptive-learning-platform/backend/app/infrastructure/db/repositories/refresh_token.py", line 21, in create
    orm = await self.add(orm, commit=commit)
          ^^^^^^^^^^^^^^^^^^^^^^^^^^^^^^^^^^
  File "/Users/mac/Documents/Stage-ML/ai-adaptive-learning-platform/backend/app/infrastructure/db/repositories/base.py", line 97, in add
    return await self.create(instance, commit=commit)
           ^^^^^^^^^^^^^^^^^^^^^^^^^^^^^^^^^^^^^^^^^^
  File "/Users/mac/Documents/Stage-ML/ai-adaptive-learning-platform/backend/app/infrastructure/db/repositories/refresh_token.py", line 21, in create
    orm = await self.add(orm, commit=commit)
          ^^^^^^^^^^^^^^^^^^^^^^^^^^^^^^^^^^
  File "/Users/mac/Documents/Stage-ML/ai-adaptive-learning-platform/backend/app/infrastructure/db/repositories/base.py", line 97, in add
    return await self.create(instance, commit=commit)
           ^^^^^^^^^^^^^^^^^^^^^^^^^^^^^^^^^^^^^^^^^^
  File "/Users/mac/Documents/Stage-ML/ai-adaptive-learning-platform/backend/app/infrastructure/db/repositories/refresh_token.py", line 21, in create
    orm = await self.add(orm, commit=commit)
          ^^^^^^^^^^^^^^^^^^^^^^^^^^^^^^^^^^
  File "/Users/mac/Documents/Stage-ML/ai-adaptive-learning-platform/backend/app/infrastructure/db/repositories/base.py", line 97, in add
    return await self.create(instance, commit=commit)
           ^^^^^^^^^^^^^^^^^^^^^^^^^^^^^^^^^^^^^^^^^^
  File "/Users/mac/Documents/Stage-ML/ai-adaptive-learning-platform/backend/app/infrastructure/db/repositories/refresh_token.py", line 21, in create
    orm = await self.add(orm, commit=commit)
          ^^^^^^^^^^^^^^^^^^^^^^^^^^^^^^^^^^
  File "/Users/mac/Documents/Stage-ML/ai-adaptive-learning-platform/backend/app/infrastructure/db/repositories/base.py", line 97, in add
    return await self.create(instance, commit=commit)
           ^^^^^^^^^^^^^^^^^^^^^^^^^^^^^^^^^^^^^^^^^^
  File "/Users/mac/Documents/Stage-ML/ai-adaptive-learning-platform/backend/app/infrastructure/db/repositories/refresh_token.py", line 21, in create
    orm = await self.add(orm, commit=commit)
          ^^^^^^^^^^^^^^^^^^^^^^^^^^^^^^^^^^
  File "/Users/mac/Documents/Stage-ML/ai-adaptive-learning-platform/backend/app/infrastructure/db/repositories/base.py", line 97, in add
    return await self.create(instance, commit=commit)
           ^^^^^^^^^^^^^^^^^^^^^^^^^^^^^^^^^^^^^^^^^^
  File "/Users/mac/Documents/Stage-ML/ai-adaptive-learning-platform/backend/app/infrastructure/db/repositories/refresh_token.py", line 21, in create
    orm = await self.add(orm, commit=commit)
          ^^^^^^^^^^^^^^^^^^^^^^^^^^^^^^^^^^
  File "/Users/mac/Documents/Stage-ML/ai-adaptive-learning-platform/backend/app/infrastructure/db/repositories/base.py", line 97, in add
    return await self.create(instance, commit=commit)
           ^^^^^^^^^^^^^^^^^^^^^^^^^^^^^^^^^^^^^^^^^^
  File "/Users/mac/Documents/Stage-ML/ai-adaptive-learning-platform/backend/app/infrastructure/db/repositories/refresh_token.py", line 21, in create
    orm = await self.add(orm, commit=commit)
          ^^^^^^^^^^^^^^^^^^^^^^^^^^^^^^^^^^
  File "/Users/mac/Documents/Stage-ML/ai-adaptive-learning-platform/backend/app/infrastructure/db/repositories/base.py", line 97, in add
    return await self.create(instance, commit=commit)
           ^^^^^^^^^^^^^^^^^^^^^^^^^^^^^^^^^^^^^^^^^^
  File "/Users/mac/Documents/Stage-ML/ai-adaptive-learning-platform/backend/app/infrastructure/db/repositories/refresh_token.py", line 21, in create
    orm = await self.add(orm, commit=commit)
          ^^^^^^^^^^^^^^^^^^^^^^^^^^^^^^^^^^
  File "/Users/mac/Documents/Stage-ML/ai-adaptive-learning-platform/backend/app/infrastructure/db/repositories/base.py", line 97, in add
    return await self.create(instance, commit=commit)
           ^^^^^^^^^^^^^^^^^^^^^^^^^^^^^^^^^^^^^^^^^^
  File "/Users/mac/Documents/Stage-ML/ai-adaptive-learning-platform/backend/app/infrastructure/db/repositories/refresh_token.py", line 21, in create
    orm = await self.add(orm, commit=commit)
          ^^^^^^^^^^^^^^^^^^^^^^^^^^^^^^^^^^
  File "/Users/mac/Documents/Stage-ML/ai-adaptive-learning-platform/backend/app/infrastructure/db/repositories/base.py", line 97, in add
    return await self.create(instance, commit=commit)
           ^^^^^^^^^^^^^^^^^^^^^^^^^^^^^^^^^^^^^^^^^^
  File "/Users/mac/Documents/Stage-ML/ai-adaptive-learning-platform/backend/app/infrastructure/db/repositories/refresh_token.py", line 21, in create
    orm = await self.add(orm, commit=commit)
          ^^^^^^^^^^^^^^^^^^^^^^^^^^^^^^^^^^
  File "/Users/mac/Documents/Stage-ML/ai-adaptive-learning-platform/backend/app/infrastructure/db/repositories/base.py", line 97, in add
    return await self.create(instance, commit=commit)
           ^^^^^^^^^^^^^^^^^^^^^^^^^^^^^^^^^^^^^^^^^^
  File "/Users/mac/Documents/Stage-ML/ai-adaptive-learning-platform/backend/app/infrastructure/db/repositories/refresh_token.py", line 21, in create
    orm = await self.add(orm, commit=commit)
          ^^^^^^^^^^^^^^^^^^^^^^^^^^^^^^^^^^
  File "/Users/mac/Documents/Stage-ML/ai-adaptive-learning-platform/backend/app/infrastructure/db/repositories/base.py", line 97, in add
    return await self.create(instance, commit=commit)
           ^^^^^^^^^^^^^^^^^^^^^^^^^^^^^^^^^^^^^^^^^^
  File "/Users/mac/Documents/Stage-ML/ai-adaptive-learning-platform/backend/app/infrastructure/db/repositories/refresh_token.py", line 21, in create
    orm = await self.add(orm, commit=commit)
          ^^^^^^^^^^^^^^^^^^^^^^^^^^^^^^^^^^
  File "/Users/mac/Documents/Stage-ML/ai-adaptive-learning-platform/backend/app/infrastructure/db/repositories/base.py", line 97, in add
    return await self.create(instance, commit=commit)
           ^^^^^^^^^^^^^^^^^^^^^^^^^^^^^^^^^^^^^^^^^^
  File "/Users/mac/Documents/Stage-ML/ai-adaptive-learning-platform/backend/app/infrastructure/db/repositories/refresh_token.py", line 21, in create
    orm = await self.add(orm, commit=commit)
          ^^^^^^^^^^^^^^^^^^^^^^^^^^^^^^^^^^
  File "/Users/mac/Documents/Stage-ML/ai-adaptive-learning-platform/backend/app/infrastructure/db/repositories/base.py", line 97, in add
    return await self.create(instance, commit=commit)
           ^^^^^^^^^^^^^^^^^^^^^^^^^^^^^^^^^^^^^^^^^^
  File "/Users/mac/Documents/Stage-ML/ai-adaptive-learning-platform/backend/app/infrastructure/db/repositories/refresh_token.py", line 21, in create
    orm = await self.add(orm, commit=commit)
          ^^^^^^^^^^^^^^^^^^^^^^^^^^^^^^^^^^
  File "/Users/mac/Documents/Stage-ML/ai-adaptive-learning-platform/backend/app/infrastructure/db/repositories/base.py", line 97, in add
    return await self.create(instance, commit=commit)
           ^^^^^^^^^^^^^^^^^^^^^^^^^^^^^^^^^^^^^^^^^^
  File "/Users/mac/Documents/Stage-ML/ai-adaptive-learning-platform/backend/app/infrastructure/db/repositories/refresh_token.py", line 21, in create
    orm = await self.add(orm, commit=commit)
          ^^^^^^^^^^^^^^^^^^^^^^^^^^^^^^^^^^
  File "/Users/mac/Documents/Stage-ML/ai-adaptive-learning-platform/backend/app/infrastructure/db/repositories/base.py", line 97, in add
    return await self.create(instance, commit=commit)
           ^^^^^^^^^^^^^^^^^^^^^^^^^^^^^^^^^^^^^^^^^^
  File "/Users/mac/Documents/Stage-ML/ai-adaptive-learning-platform/backend/app/infrastructure/db/repositories/refresh_token.py", line 21, in create
    orm = await self.add(orm, commit=commit)
          ^^^^^^^^^^^^^^^^^^^^^^^^^^^^^^^^^^
  File "/Users/mac/Documents/Stage-ML/ai-adaptive-learning-platform/backend/app/infrastructure/db/repositories/base.py", line 97, in add
    return await self.create(instance, commit=commit)
           ^^^^^^^^^^^^^^^^^^^^^^^^^^^^^^^^^^^^^^^^^^
  File "/Users/mac/Documents/Stage-ML/ai-adaptive-learning-platform/backend/app/infrastructure/db/repositories/refresh_token.py", line 21, in create
    orm = await self.add(orm, commit=commit)
          ^^^^^^^^^^^^^^^^^^^^^^^^^^^^^^^^^^
  File "/Users/mac/Documents/Stage-ML/ai-adaptive-learning-platform/backend/app/infrastructure/db/repositories/base.py", line 97, in add
    return await self.create(instance, commit=commit)
           ^^^^^^^^^^^^^^^^^^^^^^^^^^^^^^^^^^^^^^^^^^
  File "/Users/mac/Documents/Stage-ML/ai-adaptive-learning-platform/backend/app/infrastructure/db/repositories/refresh_token.py", line 21, in create
    orm = await self.add(orm, commit=commit)
          ^^^^^^^^^^^^^^^^^^^^^^^^^^^^^^^^^^
  File "/Users/mac/Documents/Stage-ML/ai-adaptive-learning-platform/backend/app/infrastructure/db/repositories/base.py", line 97, in add
    return await self.create(instance, commit=commit)
           ^^^^^^^^^^^^^^^^^^^^^^^^^^^^^^^^^^^^^^^^^^
  File "/Users/mac/Documents/Stage-ML/ai-adaptive-learning-platform/backend/app/infrastructure/db/repositories/refresh_token.py", line 21, in create
    orm = await self.add(orm, commit=commit)
          ^^^^^^^^^^^^^^^^^^^^^^^^^^^^^^^^^^
  File "/Users/mac/Documents/Stage-ML/ai-adaptive-learning-platform/backend/app/infrastructure/db/repositories/base.py", line 97, in add
    return await self.create(instance, commit=commit)
           ^^^^^^^^^^^^^^^^^^^^^^^^^^^^^^^^^^^^^^^^^^
  File "/Users/mac/Documents/Stage-ML/ai-adaptive-learning-platform/backend/app/infrastructure/db/repositories/refresh_token.py", line 21, in create
    orm = await self.add(orm, commit=commit)
          ^^^^^^^^^^^^^^^^^^^^^^^^^^^^^^^^^^
  File "/Users/mac/Documents/Stage-ML/ai-adaptive-learning-platform/backend/app/infrastructure/db/repositories/base.py", line 97, in add
    return await self.create(instance, commit=commit)
           ^^^^^^^^^^^^^^^^^^^^^^^^^^^^^^^^^^^^^^^^^^
  File "/Users/mac/Documents/Stage-ML/ai-adaptive-learning-platform/backend/app/infrastructure/db/repositories/refresh_token.py", line 21, in create
    orm = await self.add(orm, commit=commit)
          ^^^^^^^^^^^^^^^^^^^^^^^^^^^^^^^^^^
  File "/Users/mac/Documents/Stage-ML/ai-adaptive-learning-platform/backend/app/infrastructure/db/repositories/base.py", line 97, in add
    return await self.create(instance, commit=commit)
           ^^^^^^^^^^^^^^^^^^^^^^^^^^^^^^^^^^^^^^^^^^
  File "/Users/mac/Documents/Stage-ML/ai-adaptive-learning-platform/backend/app/infrastructure/db/repositories/refresh_token.py", line 21, in create
    orm = await self.add(orm, commit=commit)
          ^^^^^^^^^^^^^^^^^^^^^^^^^^^^^^^^^^
  File "/Users/mac/Documents/Stage-ML/ai-adaptive-learning-platform/backend/app/infrastructure/db/repositories/base.py", line 97, in add
    return await self.create(instance, commit=commit)
           ^^^^^^^^^^^^^^^^^^^^^^^^^^^^^^^^^^^^^^^^^^
  File "/Users/mac/Documents/Stage-ML/ai-adaptive-learning-platform/backend/app/infrastructure/db/repositories/refresh_token.py", line 21, in create
    orm = await self.add(orm, commit=commit)
          ^^^^^^^^^^^^^^^^^^^^^^^^^^^^^^^^^^
  File "/Users/mac/Documents/Stage-ML/ai-adaptive-learning-platform/backend/app/infrastructure/db/repositories/base.py", line 97, in add
    return await self.create(instance, commit=commit)
           ^^^^^^^^^^^^^^^^^^^^^^^^^^^^^^^^^^^^^^^^^^
  File "/Users/mac/Documents/Stage-ML/ai-adaptive-learning-platform/backend/app/infrastructure/db/repositories/refresh_token.py", line 21, in create
    orm = await self.add(orm, commit=commit)
          ^^^^^^^^^^^^^^^^^^^^^^^^^^^^^^^^^^
  File "/Users/mac/Documents/Stage-ML/ai-adaptive-learning-platform/backend/app/infrastructure/db/repositories/base.py", line 97, in add
    return await self.create(instance, commit=commit)
           ^^^^^^^^^^^^^^^^^^^^^^^^^^^^^^^^^^^^^^^^^^
  File "/Users/mac/Documents/Stage-ML/ai-adaptive-learning-platform/backend/app/infrastructure/db/repositories/refresh_token.py", line 21, in create
    orm = await self.add(orm, commit=commit)
          ^^^^^^^^^^^^^^^^^^^^^^^^^^^^^^^^^^
  File "/Users/mac/Documents/Stage-ML/ai-adaptive-learning-platform/backend/app/infrastructure/db/repositories/base.py", line 97, in add
    return await self.create(instance, commit=commit)
           ^^^^^^^^^^^^^^^^^^^^^^^^^^^^^^^^^^^^^^^^^^
  File "/Users/mac/Documents/Stage-ML/ai-adaptive-learning-platform/backend/app/infrastructure/db/repositories/refresh_token.py", line 21, in create
    orm = await self.add(orm, commit=commit)
          ^^^^^^^^^^^^^^^^^^^^^^^^^^^^^^^^^^
  File "/Users/mac/Documents/Stage-ML/ai-adaptive-learning-platform/backend/app/infrastructure/db/repositories/base.py", line 97, in add
    return await self.create(instance, commit=commit)
           ^^^^^^^^^^^^^^^^^^^^^^^^^^^^^^^^^^^^^^^^^^
  File "/Users/mac/Documents/Stage-ML/ai-adaptive-learning-platform/backend/app/infrastructure/db/repositories/refresh_token.py", line 21, in create
    orm = await self.add(orm, commit=commit)
          ^^^^^^^^^^^^^^^^^^^^^^^^^^^^^^^^^^
  File "/Users/mac/Documents/Stage-ML/ai-adaptive-learning-platform/backend/app/infrastructure/db/repositories/base.py", line 97, in add
    return await self.create(instance, commit=commit)
           ^^^^^^^^^^^^^^^^^^^^^^^^^^^^^^^^^^^^^^^^^^
  File "/Users/mac/Documents/Stage-ML/ai-adaptive-learning-platform/backend/app/infrastructure/db/repositories/refresh_token.py", line 21, in create
    orm = await self.add(orm, commit=commit)
          ^^^^^^^^^^^^^^^^^^^^^^^^^^^^^^^^^^
  File "/Users/mac/Documents/Stage-ML/ai-adaptive-learning-platform/backend/app/infrastructure/db/repositories/base.py", line 97, in add
    return await self.create(instance, commit=commit)
           ^^^^^^^^^^^^^^^^^^^^^^^^^^^^^^^^^^^^^^^^^^
  File "/Users/mac/Documents/Stage-ML/ai-adaptive-learning-platform/backend/app/infrastructure/db/repositories/refresh_token.py", line 21, in create
    orm = await self.add(orm, commit=commit)
          ^^^^^^^^^^^^^^^^^^^^^^^^^^^^^^^^^^
  File "/Users/mac/Documents/Stage-ML/ai-adaptive-learning-platform/backend/app/infrastructure/db/repositories/base.py", line 97, in add
    return await self.create(instance, commit=commit)
           ^^^^^^^^^^^^^^^^^^^^^^^^^^^^^^^^^^^^^^^^^^
  File "/Users/mac/Documents/Stage-ML/ai-adaptive-learning-platform/backend/app/infrastructure/db/repositories/refresh_token.py", line 21, in create
    orm = await self.add(orm, commit=commit)
          ^^^^^^^^^^^^^^^^^^^^^^^^^^^^^^^^^^
  File "/Users/mac/Documents/Stage-ML/ai-adaptive-learning-platform/backend/app/infrastructure/db/repositories/base.py", line 97, in add
    return await self.create(instance, commit=commit)
           ^^^^^^^^^^^^^^^^^^^^^^^^^^^^^^^^^^^^^^^^^^
  File "/Users/mac/Documents/Stage-ML/ai-adaptive-learning-platform/backend/app/infrastructure/db/repositories/refresh_token.py", line 21, in create
    orm = await self.add(orm, commit=commit)
          ^^^^^^^^^^^^^^^^^^^^^^^^^^^^^^^^^^
  File "/Users/mac/Documents/Stage-ML/ai-adaptive-learning-platform/backend/app/infrastructure/db/repositories/base.py", line 97, in add
    return await self.create(instance, commit=commit)
           ^^^^^^^^^^^^^^^^^^^^^^^^^^^^^^^^^^^^^^^^^^
  File "/Users/mac/Documents/Stage-ML/ai-adaptive-learning-platform/backend/app/infrastructure/db/repositories/refresh_token.py", line 21, in create
    orm = await self.add(orm, commit=commit)
          ^^^^^^^^^^^^^^^^^^^^^^^^^^^^^^^^^^
  File "/Users/mac/Documents/Stage-ML/ai-adaptive-learning-platform/backend/app/infrastructure/db/repositories/base.py", line 97, in add
    return await self.create(instance, commit=commit)
           ^^^^^^^^^^^^^^^^^^^^^^^^^^^^^^^^^^^^^^^^^^
  File "/Users/mac/Documents/Stage-ML/ai-adaptive-learning-platform/backend/app/infrastructure/db/repositories/refresh_token.py", line 21, in create
    orm = await self.add(orm, commit=commit)
          ^^^^^^^^^^^^^^^^^^^^^^^^^^^^^^^^^^
  File "/Users/mac/Documents/Stage-ML/ai-adaptive-learning-platform/backend/app/infrastructure/db/repositories/base.py", line 97, in add
    return await self.create(instance, commit=commit)
           ^^^^^^^^^^^^^^^^^^^^^^^^^^^^^^^^^^^^^^^^^^
  File "/Users/mac/Documents/Stage-ML/ai-adaptive-learning-platform/backend/app/infrastructure/db/repositories/refresh_token.py", line 21, in create
    orm = await self.add(orm, commit=commit)
          ^^^^^^^^^^^^^^^^^^^^^^^^^^^^^^^^^^
  File "/Users/mac/Documents/Stage-ML/ai-adaptive-learning-platform/backend/app/infrastructure/db/repositories/base.py", line 97, in add
    return await self.create(instance, commit=commit)
           ^^^^^^^^^^^^^^^^^^^^^^^^^^^^^^^^^^^^^^^^^^
  File "/Users/mac/Documents/Stage-ML/ai-adaptive-learning-platform/backend/app/infrastructure/db/repositories/refresh_token.py", line 21, in create
    orm = await self.add(orm, commit=commit)
          ^^^^^^^^^^^^^^^^^^^^^^^^^^^^^^^^^^
  File "/Users/mac/Documents/Stage-ML/ai-adaptive-learning-platform/backend/app/infrastructure/db/repositories/base.py", line 97, in add
    return await self.create(instance, commit=commit)
           ^^^^^^^^^^^^^^^^^^^^^^^^^^^^^^^^^^^^^^^^^^
  File "/Users/mac/Documents/Stage-ML/ai-adaptive-learning-platform/backend/app/infrastructure/db/repositories/refresh_token.py", line 21, in create
    orm = await self.add(orm, commit=commit)
          ^^^^^^^^^^^^^^^^^^^^^^^^^^^^^^^^^^
  File "/Users/mac/Documents/Stage-ML/ai-adaptive-learning-platform/backend/app/infrastructure/db/repositories/base.py", line 97, in add
    return await self.create(instance, commit=commit)
           ^^^^^^^^^^^^^^^^^^^^^^^^^^^^^^^^^^^^^^^^^^
  File "/Users/mac/Documents/Stage-ML/ai-adaptive-learning-platform/backend/app/infrastructure/db/repositories/refresh_token.py", line 21, in create
    orm = await self.add(orm, commit=commit)
          ^^^^^^^^^^^^^^^^^^^^^^^^^^^^^^^^^^
  File "/Users/mac/Documents/Stage-ML/ai-adaptive-learning-platform/backend/app/infrastructure/db/repositories/base.py", line 97, in add
    return await self.create(instance, commit=commit)
           ^^^^^^^^^^^^^^^^^^^^^^^^^^^^^^^^^^^^^^^^^^
  File "/Users/mac/Documents/Stage-ML/ai-adaptive-learning-platform/backend/app/infrastructure/db/repositories/refresh_token.py", line 21, in create
    orm = await self.add(orm, commit=commit)
          ^^^^^^^^^^^^^^^^^^^^^^^^^^^^^^^^^^
  File "/Users/mac/Documents/Stage-ML/ai-adaptive-learning-platform/backend/app/infrastructure/db/repositories/base.py", line 97, in add
    return await self.create(instance, commit=commit)
           ^^^^^^^^^^^^^^^^^^^^^^^^^^^^^^^^^^^^^^^^^^
  File "/Users/mac/Documents/Stage-ML/ai-adaptive-learning-platform/backend/app/infrastructure/db/repositories/refresh_token.py", line 21, in create
    orm = await self.add(orm, commit=commit)
          ^^^^^^^^^^^^^^^^^^^^^^^^^^^^^^^^^^
  File "/Users/mac/Documents/Stage-ML/ai-adaptive-learning-platform/backend/app/infrastructure/db/repositories/base.py", line 97, in add
    return await self.create(instance, commit=commit)
           ^^^^^^^^^^^^^^^^^^^^^^^^^^^^^^^^^^^^^^^^^^
  File "/Users/mac/Documents/Stage-ML/ai-adaptive-learning-platform/backend/app/infrastructure/db/repositories/refresh_token.py", line 21, in create
    orm = await self.add(orm, commit=commit)
          ^^^^^^^^^^^^^^^^^^^^^^^^^^^^^^^^^^
  File "/Users/mac/Documents/Stage-ML/ai-adaptive-learning-platform/backend/app/infrastructure/db/repositories/base.py", line 97, in add
    return await self.create(instance, commit=commit)
           ^^^^^^^^^^^^^^^^^^^^^^^^^^^^^^^^^^^^^^^^^^
  File "/Users/mac/Documents/Stage-ML/ai-adaptive-learning-platform/backend/app/infrastructure/db/repositories/refresh_token.py", line 21, in create
    orm = await self.add(orm, commit=commit)
          ^^^^^^^^^^^^^^^^^^^^^^^^^^^^^^^^^^
  File "/Users/mac/Documents/Stage-ML/ai-adaptive-learning-platform/backend/app/infrastructure/db/repositories/base.py", line 97, in add
    return await self.create(instance, commit=commit)
           ^^^^^^^^^^^^^^^^^^^^^^^^^^^^^^^^^^^^^^^^^^
  File "/Users/mac/Documents/Stage-ML/ai-adaptive-learning-platform/backend/app/infrastructure/db/repositories/refresh_token.py", line 21, in create
    orm = await self.add(orm, commit=commit)
          ^^^^^^^^^^^^^^^^^^^^^^^^^^^^^^^^^^
  File "/Users/mac/Documents/Stage-ML/ai-adaptive-learning-platform/backend/app/infrastructure/db/repositories/base.py", line 97, in add
    return await self.create(instance, commit=commit)
           ^^^^^^^^^^^^^^^^^^^^^^^^^^^^^^^^^^^^^^^^^^
  File "/Users/mac/Documents/Stage-ML/ai-adaptive-learning-platform/backend/app/infrastructure/db/repositories/refresh_token.py", line 21, in create
    orm = await self.add(orm, commit=commit)
          ^^^^^^^^^^^^^^^^^^^^^^^^^^^^^^^^^^
  File "/Users/mac/Documents/Stage-ML/ai-adaptive-learning-platform/backend/app/infrastructure/db/repositories/base.py", line 97, in add
    return await self.create(instance, commit=commit)
           ^^^^^^^^^^^^^^^^^^^^^^^^^^^^^^^^^^^^^^^^^^
  File "/Users/mac/Documents/Stage-ML/ai-adaptive-learning-platform/backend/app/infrastructure/db/repositories/refresh_token.py", line 21, in create
    orm = await self.add(orm, commit=commit)
          ^^^^^^^^^^^^^^^^^^^^^^^^^^^^^^^^^^
  File "/Users/mac/Documents/Stage-ML/ai-adaptive-learning-platform/backend/app/infrastructure/db/repositories/base.py", line 97, in add
    return await self.create(instance, commit=commit)
           ^^^^^^^^^^^^^^^^^^^^^^^^^^^^^^^^^^^^^^^^^^
  File "/Users/mac/Documents/Stage-ML/ai-adaptive-learning-platform/backend/app/infrastructure/db/repositories/refresh_token.py", line 21, in create
    orm = await self.add(orm, commit=commit)
          ^^^^^^^^^^^^^^^^^^^^^^^^^^^^^^^^^^
  File "/Users/mac/Documents/Stage-ML/ai-adaptive-learning-platform/backend/app/infrastructure/db/repositories/base.py", line 97, in add
    return await self.create(instance, commit=commit)
           ^^^^^^^^^^^^^^^^^^^^^^^^^^^^^^^^^^^^^^^^^^
  File "/Users/mac/Documents/Stage-ML/ai-adaptive-learning-platform/backend/app/infrastructure/db/repositories/refresh_token.py", line 21, in create
    orm = await self.add(orm, commit=commit)
          ^^^^^^^^^^^^^^^^^^^^^^^^^^^^^^^^^^
  File "/Users/mac/Documents/Stage-ML/ai-adaptive-learning-platform/backend/app/infrastructure/db/repositories/base.py", line 97, in add
    return await self.create(instance, commit=commit)
           ^^^^^^^^^^^^^^^^^^^^^^^^^^^^^^^^^^^^^^^^^^
  File "/Users/mac/Documents/Stage-ML/ai-adaptive-learning-platform/backend/app/infrastructure/db/repositories/refresh_token.py", line 21, in create
    orm = await self.add(orm, commit=commit)
          ^^^^^^^^^^^^^^^^^^^^^^^^^^^^^^^^^^
  File "/Users/mac/Documents/Stage-ML/ai-adaptive-learning-platform/backend/app/infrastructure/db/repositories/base.py", line 97, in add
    return await self.create(instance, commit=commit)
           ^^^^^^^^^^^^^^^^^^^^^^^^^^^^^^^^^^^^^^^^^^
  File "/Users/mac/Documents/Stage-ML/ai-adaptive-learning-platform/backend/app/infrastructure/db/repositories/refresh_token.py", line 21, in create
    orm = await self.add(orm, commit=commit)
          ^^^^^^^^^^^^^^^^^^^^^^^^^^^^^^^^^^
  File "/Users/mac/Documents/Stage-ML/ai-adaptive-learning-platform/backend/app/infrastructure/db/repositories/base.py", line 97, in add
    return await self.create(instance, commit=commit)
           ^^^^^^^^^^^^^^^^^^^^^^^^^^^^^^^^^^^^^^^^^^
  File "/Users/mac/Documents/Stage-ML/ai-adaptive-learning-platform/backend/app/infrastructure/db/repositories/refresh_token.py", line 21, in create
    orm = await self.add(orm, commit=commit)
          ^^^^^^^^^^^^^^^^^^^^^^^^^^^^^^^^^^
  File "/Users/mac/Documents/Stage-ML/ai-adaptive-learning-platform/backend/app/infrastructure/db/repositories/base.py", line 97, in add
    return await self.create(instance, commit=commit)
           ^^^^^^^^^^^^^^^^^^^^^^^^^^^^^^^^^^^^^^^^^^
  File "/Users/mac/Documents/Stage-ML/ai-adaptive-learning-platform/backend/app/infrastructure/db/repositories/refresh_token.py", line 21, in create
    orm = await self.add(orm, commit=commit)
          ^^^^^^^^^^^^^^^^^^^^^^^^^^^^^^^^^^
  File "/Users/mac/Documents/Stage-ML/ai-adaptive-learning-platform/backend/app/infrastructure/db/repositories/base.py", line 97, in add
    return await self.create(instance, commit=commit)
           ^^^^^^^^^^^^^^^^^^^^^^^^^^^^^^^^^^^^^^^^^^
  File "/Users/mac/Documents/Stage-ML/ai-adaptive-learning-platform/backend/app/infrastructure/db/repositories/refresh_token.py", line 21, in create
    orm = await self.add(orm, commit=commit)
          ^^^^^^^^^^^^^^^^^^^^^^^^^^^^^^^^^^
  File "/Users/mac/Documents/Stage-ML/ai-adaptive-learning-platform/backend/app/infrastructure/db/repositories/base.py", line 97, in add
    return await self.create(instance, commit=commit)
           ^^^^^^^^^^^^^^^^^^^^^^^^^^^^^^^^^^^^^^^^^^
  File "/Users/mac/Documents/Stage-ML/ai-adaptive-learning-platform/backend/app/infrastructure/db/repositories/refresh_token.py", line 21, in create
    orm = await self.add(orm, commit=commit)
          ^^^^^^^^^^^^^^^^^^^^^^^^^^^^^^^^^^
  File "/Users/mac/Documents/Stage-ML/ai-adaptive-learning-platform/backend/app/infrastructure/db/repositories/base.py", line 97, in add
    return await self.create(instance, commit=commit)
           ^^^^^^^^^^^^^^^^^^^^^^^^^^^^^^^^^^^^^^^^^^
  File "/Users/mac/Documents/Stage-ML/ai-adaptive-learning-platform/backend/app/infrastructure/db/repositories/refresh_token.py", line 21, in create
    orm = await self.add(orm, commit=commit)
          ^^^^^^^^^^^^^^^^^^^^^^^^^^^^^^^^^^
  File "/Users/mac/Documents/Stage-ML/ai-adaptive-learning-platform/backend/app/infrastructure/db/repositories/base.py", line 97, in add
    return await self.create(instance, commit=commit)
           ^^^^^^^^^^^^^^^^^^^^^^^^^^^^^^^^^^^^^^^^^^
  File "/Users/mac/Documents/Stage-ML/ai-adaptive-learning-platform/backend/app/infrastructure/db/repositories/refresh_token.py", line 21, in create
    orm = await self.add(orm, commit=commit)
          ^^^^^^^^^^^^^^^^^^^^^^^^^^^^^^^^^^
  File "/Users/mac/Documents/Stage-ML/ai-adaptive-learning-platform/backend/app/infrastructure/db/repositories/base.py", line 97, in add
    return await self.create(instance, commit=commit)
           ^^^^^^^^^^^^^^^^^^^^^^^^^^^^^^^^^^^^^^^^^^
  File "/Users/mac/Documents/Stage-ML/ai-adaptive-learning-platform/backend/app/infrastructure/db/repositories/refresh_token.py", line 21, in create
    orm = await self.add(orm, commit=commit)
          ^^^^^^^^^^^^^^^^^^^^^^^^^^^^^^^^^^
  File "/Users/mac/Documents/Stage-ML/ai-adaptive-learning-platform/backend/app/infrastructure/db/repositories/base.py", line 97, in add
    return await self.create(instance, commit=commit)
           ^^^^^^^^^^^^^^^^^^^^^^^^^^^^^^^^^^^^^^^^^^
  File "/Users/mac/Documents/Stage-ML/ai-adaptive-learning-platform/backend/app/infrastructure/db/repositories/refresh_token.py", line 21, in create
    orm = await self.add(orm, commit=commit)
          ^^^^^^^^^^^^^^^^^^^^^^^^^^^^^^^^^^
  File "/Users/mac/Documents/Stage-ML/ai-adaptive-learning-platform/backend/app/infrastructure/db/repositories/base.py", line 97, in add
    return await self.create(instance, commit=commit)
           ^^^^^^^^^^^^^^^^^^^^^^^^^^^^^^^^^^^^^^^^^^
  File "/Users/mac/Documents/Stage-ML/ai-adaptive-learning-platform/backend/app/infrastructure/db/repositories/refresh_token.py", line 21, in create
    orm = await self.add(orm, commit=commit)
          ^^^^^^^^^^^^^^^^^^^^^^^^^^^^^^^^^^
  File "/Users/mac/Documents/Stage-ML/ai-adaptive-learning-platform/backend/app/infrastructure/db/repositories/base.py", line 97, in add
    return await self.create(instance, commit=commit)
           ^^^^^^^^^^^^^^^^^^^^^^^^^^^^^^^^^^^^^^^^^^
  File "/Users/mac/Documents/Stage-ML/ai-adaptive-learning-platform/backend/app/infrastructure/db/repositories/refresh_token.py", line 21, in create
    orm = await self.add(orm, commit=commit)
          ^^^^^^^^^^^^^^^^^^^^^^^^^^^^^^^^^^
  File "/Users/mac/Documents/Stage-ML/ai-adaptive-learning-platform/backend/app/infrastructure/db/repositories/base.py", line 97, in add
    return await self.create(instance, commit=commit)
           ^^^^^^^^^^^^^^^^^^^^^^^^^^^^^^^^^^^^^^^^^^
  File "/Users/mac/Documents/Stage-ML/ai-adaptive-learning-platform/backend/app/infrastructure/db/repositories/refresh_token.py", line 21, in create
    orm = await self.add(orm, commit=commit)
          ^^^^^^^^^^^^^^^^^^^^^^^^^^^^^^^^^^
  File "/Users/mac/Documents/Stage-ML/ai-adaptive-learning-platform/backend/app/infrastructure/db/repositories/base.py", line 97, in add
    return await self.create(instance, commit=commit)
           ^^^^^^^^^^^^^^^^^^^^^^^^^^^^^^^^^^^^^^^^^^
  File "/Users/mac/Documents/Stage-ML/ai-adaptive-learning-platform/backend/app/infrastructure/db/repositories/refresh_token.py", line 21, in create
    orm = await self.add(orm, commit=commit)
          ^^^^^^^^^^^^^^^^^^^^^^^^^^^^^^^^^^
  File "/Users/mac/Documents/Stage-ML/ai-adaptive-learning-platform/backend/app/infrastructure/db/repositories/base.py", line 97, in add
    return await self.create(instance, commit=commit)
           ^^^^^^^^^^^^^^^^^^^^^^^^^^^^^^^^^^^^^^^^^^
  File "/Users/mac/Documents/Stage-ML/ai-adaptive-learning-platform/backend/app/infrastructure/db/repositories/refresh_token.py", line 21, in create
    orm = await self.add(orm, commit=commit)
          ^^^^^^^^^^^^^^^^^^^^^^^^^^^^^^^^^^
  File "/Users/mac/Documents/Stage-ML/ai-adaptive-learning-platform/backend/app/infrastructure/db/repositories/base.py", line 97, in add
    return await self.create(instance, commit=commit)
           ^^^^^^^^^^^^^^^^^^^^^^^^^^^^^^^^^^^^^^^^^^
  File "/Users/mac/Documents/Stage-ML/ai-adaptive-learning-platform/backend/app/infrastructure/db/repositories/refresh_token.py", line 21, in create
    orm = await self.add(orm, commit=commit)
          ^^^^^^^^^^^^^^^^^^^^^^^^^^^^^^^^^^
  File "/Users/mac/Documents/Stage-ML/ai-adaptive-learning-platform/backend/app/infrastructure/db/repositories/base.py", line 97, in add
    return await self.create(instance, commit=commit)
           ^^^^^^^^^^^^^^^^^^^^^^^^^^^^^^^^^^^^^^^^^^
  File "/Users/mac/Documents/Stage-ML/ai-adaptive-learning-platform/backend/app/infrastructure/db/repositories/refresh_token.py", line 21, in create
    orm = await self.add(orm, commit=commit)
          ^^^^^^^^^^^^^^^^^^^^^^^^^^^^^^^^^^
  File "/Users/mac/Documents/Stage-ML/ai-adaptive-learning-platform/backend/app/infrastructure/db/repositories/base.py", line 97, in add
    return await self.create(instance, commit=commit)
           ^^^^^^^^^^^^^^^^^^^^^^^^^^^^^^^^^^^^^^^^^^
  File "/Users/mac/Documents/Stage-ML/ai-adaptive-learning-platform/backend/app/infrastructure/db/repositories/refresh_token.py", line 21, in create
    orm = await self.add(orm, commit=commit)
          ^^^^^^^^^^^^^^^^^^^^^^^^^^^^^^^^^^
  File "/Users/mac/Documents/Stage-ML/ai-adaptive-learning-platform/backend/app/infrastructure/db/repositories/base.py", line 97, in add
    return await self.create(instance, commit=commit)
           ^^^^^^^^^^^^^^^^^^^^^^^^^^^^^^^^^^^^^^^^^^
  File "/Users/mac/Documents/Stage-ML/ai-adaptive-learning-platform/backend/app/infrastructure/db/repositories/refresh_token.py", line 21, in create
    orm = await self.add(orm, commit=commit)
          ^^^^^^^^^^^^^^^^^^^^^^^^^^^^^^^^^^
  File "/Users/mac/Documents/Stage-ML/ai-adaptive-learning-platform/backend/app/infrastructure/db/repositories/base.py", line 97, in add
    return await self.create(instance, commit=commit)
           ^^^^^^^^^^^^^^^^^^^^^^^^^^^^^^^^^^^^^^^^^^
  File "/Users/mac/Documents/Stage-ML/ai-adaptive-learning-platform/backend/app/infrastructure/db/repositories/refresh_token.py", line 21, in create
    orm = await self.add(orm, commit=commit)
          ^^^^^^^^^^^^^^^^^^^^^^^^^^^^^^^^^^
  File "/Users/mac/Documents/Stage-ML/ai-adaptive-learning-platform/backend/app/infrastructure/db/repositories/base.py", line 97, in add
    return await self.create(instance, commit=commit)
           ^^^^^^^^^^^^^^^^^^^^^^^^^^^^^^^^^^^^^^^^^^
  File "/Users/mac/Documents/Stage-ML/ai-adaptive-learning-platform/backend/app/infrastructure/db/repositories/refresh_token.py", line 21, in create
    orm = await self.add(orm, commit=commit)
          ^^^^^^^^^^^^^^^^^^^^^^^^^^^^^^^^^^
  File "/Users/mac/Documents/Stage-ML/ai-adaptive-learning-platform/backend/app/infrastructure/db/repositories/base.py", line 97, in add
    return await self.create(instance, commit=commit)
           ^^^^^^^^^^^^^^^^^^^^^^^^^^^^^^^^^^^^^^^^^^
  File "/Users/mac/Documents/Stage-ML/ai-adaptive-learning-platform/backend/app/infrastructure/db/repositories/refresh_token.py", line 21, in create
    orm = await self.add(orm, commit=commit)
          ^^^^^^^^^^^^^^^^^^^^^^^^^^^^^^^^^^
  File "/Users/mac/Documents/Stage-ML/ai-adaptive-learning-platform/backend/app/infrastructure/db/repositories/base.py", line 97, in add
    return await self.create(instance, commit=commit)
           ^^^^^^^^^^^^^^^^^^^^^^^^^^^^^^^^^^^^^^^^^^
  File "/Users/mac/Documents/Stage-ML/ai-adaptive-learning-platform/backend/app/infrastructure/db/repositories/refresh_token.py", line 21, in create
    orm = await self.add(orm, commit=commit)
          ^^^^^^^^^^^^^^^^^^^^^^^^^^^^^^^^^^
  File "/Users/mac/Documents/Stage-ML/ai-adaptive-learning-platform/backend/app/infrastructure/db/repositories/base.py", line 97, in add
    return await self.create(instance, commit=commit)
           ^^^^^^^^^^^^^^^^^^^^^^^^^^^^^^^^^^^^^^^^^^
  File "/Users/mac/Documents/Stage-ML/ai-adaptive-learning-platform/backend/app/infrastructure/db/repositories/refresh_token.py", line 21, in create
    orm = await self.add(orm, commit=commit)
          ^^^^^^^^^^^^^^^^^^^^^^^^^^^^^^^^^^
  File "/Users/mac/Documents/Stage-ML/ai-adaptive-learning-platform/backend/app/infrastructure/db/repositories/base.py", line 97, in add
    return await self.create(instance, commit=commit)
           ^^^^^^^^^^^^^^^^^^^^^^^^^^^^^^^^^^^^^^^^^^
  File "/Users/mac/Documents/Stage-ML/ai-adaptive-learning-platform/backend/app/infrastructure/db/repositories/refresh_token.py", line 21, in create
    orm = await self.add(orm, commit=commit)
          ^^^^^^^^^^^^^^^^^^^^^^^^^^^^^^^^^^
  File "/Users/mac/Documents/Stage-ML/ai-adaptive-learning-platform/backend/app/infrastructure/db/repositories/base.py", line 97, in add
    return await self.create(instance, commit=commit)
           ^^^^^^^^^^^^^^^^^^^^^^^^^^^^^^^^^^^^^^^^^^
  File "/Users/mac/Documents/Stage-ML/ai-adaptive-learning-platform/backend/app/infrastructure/db/repositories/refresh_token.py", line 21, in create
    orm = await self.add(orm, commit=commit)
          ^^^^^^^^^^^^^^^^^^^^^^^^^^^^^^^^^^
  File "/Users/mac/Documents/Stage-ML/ai-adaptive-learning-platform/backend/app/infrastructure/db/repositories/base.py", line 97, in add
    return await self.create(instance, commit=commit)
           ^^^^^^^^^^^^^^^^^^^^^^^^^^^^^^^^^^^^^^^^^^
  File "/Users/mac/Documents/Stage-ML/ai-adaptive-learning-platform/backend/app/infrastructure/db/repositories/refresh_token.py", line 21, in create
    orm = await self.add(orm, commit=commit)
          ^^^^^^^^^^^^^^^^^^^^^^^^^^^^^^^^^^
  File "/Users/mac/Documents/Stage-ML/ai-adaptive-learning-platform/backend/app/infrastructure/db/repositories/base.py", line 97, in add
    return await self.create(instance, commit=commit)
           ^^^^^^^^^^^^^^^^^^^^^^^^^^^^^^^^^^^^^^^^^^
  File "/Users/mac/Documents/Stage-ML/ai-adaptive-learning-platform/backend/app/infrastructure/db/repositories/refresh_token.py", line 21, in create
    orm = await self.add(orm, commit=commit)
          ^^^^^^^^^^^^^^^^^^^^^^^^^^^^^^^^^^
  File "/Users/mac/Documents/Stage-ML/ai-adaptive-learning-platform/backend/app/infrastructure/db/repositories/base.py", line 97, in add
    return await self.create(instance, commit=commit)
           ^^^^^^^^^^^^^^^^^^^^^^^^^^^^^^^^^^^^^^^^^^
  File "/Users/mac/Documents/Stage-ML/ai-adaptive-learning-platform/backend/app/infrastructure/db/repositories/refresh_token.py", line 21, in create
    orm = await self.add(orm, commit=commit)
          ^^^^^^^^^^^^^^^^^^^^^^^^^^^^^^^^^^
  File "/Users/mac/Documents/Stage-ML/ai-adaptive-learning-platform/backend/app/infrastructure/db/repositories/base.py", line 97, in add
    return await self.create(instance, commit=commit)
           ^^^^^^^^^^^^^^^^^^^^^^^^^^^^^^^^^^^^^^^^^^
  File "/Users/mac/Documents/Stage-ML/ai-adaptive-learning-platform/backend/app/infrastructure/db/repositories/refresh_token.py", line 21, in create
    orm = await self.add(orm, commit=commit)
          ^^^^^^^^^^^^^^^^^^^^^^^^^^^^^^^^^^
  File "/Users/mac/Documents/Stage-ML/ai-adaptive-learning-platform/backend/app/infrastructure/db/repositories/base.py", line 97, in add
    return await self.create(instance, commit=commit)
           ^^^^^^^^^^^^^^^^^^^^^^^^^^^^^^^^^^^^^^^^^^
  File "/Users/mac/Documents/Stage-ML/ai-adaptive-learning-platform/backend/app/infrastructure/db/repositories/refresh_token.py", line 21, in create
    orm = await self.add(orm, commit=commit)
          ^^^^^^^^^^^^^^^^^^^^^^^^^^^^^^^^^^
  File "/Users/mac/Documents/Stage-ML/ai-adaptive-learning-platform/backend/app/infrastructure/db/repositories/base.py", line 97, in add
    return await self.create(instance, commit=commit)
           ^^^^^^^^^^^^^^^^^^^^^^^^^^^^^^^^^^^^^^^^^^
  File "/Users/mac/Documents/Stage-ML/ai-adaptive-learning-platform/backend/app/infrastructure/db/repositories/refresh_token.py", line 21, in create
    orm = await self.add(orm, commit=commit)
          ^^^^^^^^^^^^^^^^^^^^^^^^^^^^^^^^^^
  File "/Users/mac/Documents/Stage-ML/ai-adaptive-learning-platform/backend/app/infrastructure/db/repositories/base.py", line 97, in add
    return await self.create(instance, commit=commit)
           ^^^^^^^^^^^^^^^^^^^^^^^^^^^^^^^^^^^^^^^^^^
  File "/Users/mac/Documents/Stage-ML/ai-adaptive-learning-platform/backend/app/infrastructure/db/repositories/refresh_token.py", line 21, in create
    orm = await self.add(orm, commit=commit)
          ^^^^^^^^^^^^^^^^^^^^^^^^^^^^^^^^^^
  File "/Users/mac/Documents/Stage-ML/ai-adaptive-learning-platform/backend/app/infrastructure/db/repositories/base.py", line 97, in add
    return await self.create(instance, commit=commit)
           ^^^^^^^^^^^^^^^^^^^^^^^^^^^^^^^^^^^^^^^^^^
  File "/Users/mac/Documents/Stage-ML/ai-adaptive-learning-platform/backend/app/infrastructure/db/repositories/refresh_token.py", line 21, in create
    orm = await self.add(orm, commit=commit)
          ^^^^^^^^^^^^^^^^^^^^^^^^^^^^^^^^^^
  File "/Users/mac/Documents/Stage-ML/ai-adaptive-learning-platform/backend/app/infrastructure/db/repositories/base.py", line 97, in add
    return await self.create(instance, commit=commit)
           ^^^^^^^^^^^^^^^^^^^^^^^^^^^^^^^^^^^^^^^^^^
  File "/Users/mac/Documents/Stage-ML/ai-adaptive-learning-platform/backend/app/infrastructure/db/repositories/refresh_token.py", line 21, in create
    orm = await self.add(orm, commit=commit)
          ^^^^^^^^^^^^^^^^^^^^^^^^^^^^^^^^^^
  File "/Users/mac/Documents/Stage-ML/ai-adaptive-learning-platform/backend/app/infrastructure/db/repositories/base.py", line 97, in add
    return await self.create(instance, commit=commit)
           ^^^^^^^^^^^^^^^^^^^^^^^^^^^^^^^^^^^^^^^^^^
  File "/Users/mac/Documents/Stage-ML/ai-adaptive-learning-platform/backend/app/infrastructure/db/repositories/refresh_token.py", line 21, in create
    orm = await self.add(orm, commit=commit)
          ^^^^^^^^^^^^^^^^^^^^^^^^^^^^^^^^^^
  File "/Users/mac/Documents/Stage-ML/ai-adaptive-learning-platform/backend/app/infrastructure/db/repositories/base.py", line 97, in add
    return await self.create(instance, commit=commit)
           ^^^^^^^^^^^^^^^^^^^^^^^^^^^^^^^^^^^^^^^^^^
  File "/Users/mac/Documents/Stage-ML/ai-adaptive-learning-platform/backend/app/infrastructure/db/repositories/refresh_token.py", line 21, in create
    orm = await self.add(orm, commit=commit)
          ^^^^^^^^^^^^^^^^^^^^^^^^^^^^^^^^^^
  File "/Users/mac/Documents/Stage-ML/ai-adaptive-learning-platform/backend/app/infrastructure/db/repositories/base.py", line 97, in add
    return await self.create(instance, commit=commit)
           ^^^^^^^^^^^^^^^^^^^^^^^^^^^^^^^^^^^^^^^^^^
  File "/Users/mac/Documents/Stage-ML/ai-adaptive-learning-platform/backend/app/infrastructure/db/repositories/refresh_token.py", line 21, in create
    orm = await self.add(orm, commit=commit)
          ^^^^^^^^^^^^^^^^^^^^^^^^^^^^^^^^^^
  File "/Users/mac/Documents/Stage-ML/ai-adaptive-learning-platform/backend/app/infrastructure/db/repositories/base.py", line 97, in add
    return await self.create(instance, commit=commit)
           ^^^^^^^^^^^^^^^^^^^^^^^^^^^^^^^^^^^^^^^^^^
  File "/Users/mac/Documents/Stage-ML/ai-adaptive-learning-platform/backend/app/infrastructure/db/repositories/refresh_token.py", line 21, in create
    orm = await self.add(orm, commit=commit)
          ^^^^^^^^^^^^^^^^^^^^^^^^^^^^^^^^^^
  File "/Users/mac/Documents/Stage-ML/ai-adaptive-learning-platform/backend/app/infrastructure/db/repositories/base.py", line 97, in add
    return await self.create(instance, commit=commit)
           ^^^^^^^^^^^^^^^^^^^^^^^^^^^^^^^^^^^^^^^^^^
  File "/Users/mac/Documents/Stage-ML/ai-adaptive-learning-platform/backend/app/infrastructure/db/repositories/refresh_token.py", line 21, in create
    orm = await self.add(orm, commit=commit)
          ^^^^^^^^^^^^^^^^^^^^^^^^^^^^^^^^^^
  File "/Users/mac/Documents/Stage-ML/ai-adaptive-learning-platform/backend/app/infrastructure/db/repositories/base.py", line 97, in add
    return await self.create(instance, commit=commit)
           ^^^^^^^^^^^^^^^^^^^^^^^^^^^^^^^^^^^^^^^^^^
  File "/Users/mac/Documents/Stage-ML/ai-adaptive-learning-platform/backend/app/infrastructure/db/repositories/refresh_token.py", line 21, in create
    orm = await self.add(orm, commit=commit)
          ^^^^^^^^^^^^^^^^^^^^^^^^^^^^^^^^^^
  File "/Users/mac/Documents/Stage-ML/ai-adaptive-learning-platform/backend/app/infrastructure/db/repositories/base.py", line 97, in add
    return await self.create(instance, commit=commit)
           ^^^^^^^^^^^^^^^^^^^^^^^^^^^^^^^^^^^^^^^^^^
  File "/Users/mac/Documents/Stage-ML/ai-adaptive-learning-platform/backend/app/infrastructure/db/repositories/refresh_token.py", line 21, in create
    orm = await self.add(orm, commit=commit)
          ^^^^^^^^^^^^^^^^^^^^^^^^^^^^^^^^^^
  File "/Users/mac/Documents/Stage-ML/ai-adaptive-learning-platform/backend/app/infrastructure/db/repositories/base.py", line 97, in add
    return await self.create(instance, commit=commit)
           ^^^^^^^^^^^^^^^^^^^^^^^^^^^^^^^^^^^^^^^^^^
  File "/Users/mac/Documents/Stage-ML/ai-adaptive-learning-platform/backend/app/infrastructure/db/repositories/refresh_token.py", line 21, in create
    orm = await self.add(orm, commit=commit)
          ^^^^^^^^^^^^^^^^^^^^^^^^^^^^^^^^^^
  File "/Users/mac/Documents/Stage-ML/ai-adaptive-learning-platform/backend/app/infrastructure/db/repositories/base.py", line 97, in add
    return await self.create(instance, commit=commit)
           ^^^^^^^^^^^^^^^^^^^^^^^^^^^^^^^^^^^^^^^^^^
  File "/Users/mac/Documents/Stage-ML/ai-adaptive-learning-platform/backend/app/infrastructure/db/repositories/refresh_token.py", line 21, in create
    orm = await self.add(orm, commit=commit)
          ^^^^^^^^^^^^^^^^^^^^^^^^^^^^^^^^^^
  File "/Users/mac/Documents/Stage-ML/ai-adaptive-learning-platform/backend/app/infrastructure/db/repositories/base.py", line 97, in add
    return await self.create(instance, commit=commit)
           ^^^^^^^^^^^^^^^^^^^^^^^^^^^^^^^^^^^^^^^^^^
  File "/Users/mac/Documents/Stage-ML/ai-adaptive-learning-platform/backend/app/infrastructure/db/repositories/refresh_token.py", line 21, in create
    orm = await self.add(orm, commit=commit)
          ^^^^^^^^^^^^^^^^^^^^^^^^^^^^^^^^^^
  File "/Users/mac/Documents/Stage-ML/ai-adaptive-learning-platform/backend/app/infrastructure/db/repositories/base.py", line 97, in add
    return await self.create(instance, commit=commit)
           ^^^^^^^^^^^^^^^^^^^^^^^^^^^^^^^^^^^^^^^^^^
  File "/Users/mac/Documents/Stage-ML/ai-adaptive-learning-platform/backend/app/infrastructure/db/repositories/refresh_token.py", line 21, in create
    orm = await self.add(orm, commit=commit)
          ^^^^^^^^^^^^^^^^^^^^^^^^^^^^^^^^^^
  File "/Users/mac/Documents/Stage-ML/ai-adaptive-learning-platform/backend/app/infrastructure/db/repositories/base.py", line 97, in add
    return await self.create(instance, commit=commit)
           ^^^^^^^^^^^^^^^^^^^^^^^^^^^^^^^^^^^^^^^^^^
  File "/Users/mac/Documents/Stage-ML/ai-adaptive-learning-platform/backend/app/infrastructure/db/repositories/refresh_token.py", line 21, in create
    orm = await self.add(orm, commit=commit)
          ^^^^^^^^^^^^^^^^^^^^^^^^^^^^^^^^^^
  File "/Users/mac/Documents/Stage-ML/ai-adaptive-learning-platform/backend/app/infrastructure/db/repositories/base.py", line 97, in add
    return await self.create(instance, commit=commit)
           ^^^^^^^^^^^^^^^^^^^^^^^^^^^^^^^^^^^^^^^^^^
  File "/Users/mac/Documents/Stage-ML/ai-adaptive-learning-platform/backend/app/infrastructure/db/repositories/refresh_token.py", line 21, in create
    orm = await self.add(orm, commit=commit)
          ^^^^^^^^^^^^^^^^^^^^^^^^^^^^^^^^^^
  File "/Users/mac/Documents/Stage-ML/ai-adaptive-learning-platform/backend/app/infrastructure/db/repositories/base.py", line 97, in add
    return await self.create(instance, commit=commit)
           ^^^^^^^^^^^^^^^^^^^^^^^^^^^^^^^^^^^^^^^^^^
  File "/Users/mac/Documents/Stage-ML/ai-adaptive-learning-platform/backend/app/infrastructure/db/repositories/refresh_token.py", line 21, in create
    orm = await self.add(orm, commit=commit)
          ^^^^^^^^^^^^^^^^^^^^^^^^^^^^^^^^^^
  File "/Users/mac/Documents/Stage-ML/ai-adaptive-learning-platform/backend/app/infrastructure/db/repositories/base.py", line 97, in add
    return await self.create(instance, commit=commit)
           ^^^^^^^^^^^^^^^^^^^^^^^^^^^^^^^^^^^^^^^^^^
  File "/Users/mac/Documents/Stage-ML/ai-adaptive-learning-platform/backend/app/infrastructure/db/repositories/refresh_token.py", line 21, in create
    orm = await self.add(orm, commit=commit)
          ^^^^^^^^^^^^^^^^^^^^^^^^^^^^^^^^^^
  File "/Users/mac/Documents/Stage-ML/ai-adaptive-learning-platform/backend/app/infrastructure/db/repositories/base.py", line 97, in add
    return await self.create(instance, commit=commit)
           ^^^^^^^^^^^^^^^^^^^^^^^^^^^^^^^^^^^^^^^^^^
  File "/Users/mac/Documents/Stage-ML/ai-adaptive-learning-platform/backend/app/infrastructure/db/repositories/refresh_token.py", line 21, in create
    orm = await self.add(orm, commit=commit)
          ^^^^^^^^^^^^^^^^^^^^^^^^^^^^^^^^^^
  File "/Users/mac/Documents/Stage-ML/ai-adaptive-learning-platform/backend/app/infrastructure/db/repositories/base.py", line 97, in add
    return await self.create(instance, commit=commit)
           ^^^^^^^^^^^^^^^^^^^^^^^^^^^^^^^^^^^^^^^^^^
  File "/Users/mac/Documents/Stage-ML/ai-adaptive-learning-platform/backend/app/infrastructure/db/repositories/refresh_token.py", line 21, in create
    orm = await self.add(orm, commit=commit)
          ^^^^^^^^^^^^^^^^^^^^^^^^^^^^^^^^^^
  File "/Users/mac/Documents/Stage-ML/ai-adaptive-learning-platform/backend/app/infrastructure/db/repositories/base.py", line 97, in add
    return await self.create(instance, commit=commit)
           ^^^^^^^^^^^^^^^^^^^^^^^^^^^^^^^^^^^^^^^^^^
  File "/Users/mac/Documents/Stage-ML/ai-adaptive-learning-platform/backend/app/infrastructure/db/repositories/refresh_token.py", line 21, in create
    orm = await self.add(orm, commit=commit)
          ^^^^^^^^^^^^^^^^^^^^^^^^^^^^^^^^^^
  File "/Users/mac/Documents/Stage-ML/ai-adaptive-learning-platform/backend/app/infrastructure/db/repositories/base.py", line 97, in add
    return await self.create(instance, commit=commit)
           ^^^^^^^^^^^^^^^^^^^^^^^^^^^^^^^^^^^^^^^^^^
  File "/Users/mac/Documents/Stage-ML/ai-adaptive-learning-platform/backend/app/infrastructure/db/repositories/refresh_token.py", line 21, in create
    orm = await self.add(orm, commit=commit)
          ^^^^^^^^^^^^^^^^^^^^^^^^^^^^^^^^^^
  File "/Users/mac/Documents/Stage-ML/ai-adaptive-learning-platform/backend/app/infrastructure/db/repositories/base.py", line 97, in add
    return await self.create(instance, commit=commit)
           ^^^^^^^^^^^^^^^^^^^^^^^^^^^^^^^^^^^^^^^^^^
  File "/Users/mac/Documents/Stage-ML/ai-adaptive-learning-platform/backend/app/infrastructure/db/repositories/refresh_token.py", line 21, in create
    orm = await self.add(orm, commit=commit)
          ^^^^^^^^^^^^^^^^^^^^^^^^^^^^^^^^^^
  File "/Users/mac/Documents/Stage-ML/ai-adaptive-learning-platform/backend/app/infrastructure/db/repositories/base.py", line 97, in add
    return await self.create(instance, commit=commit)
           ^^^^^^^^^^^^^^^^^^^^^^^^^^^^^^^^^^^^^^^^^^
  File "/Users/mac/Documents/Stage-ML/ai-adaptive-learning-platform/backend/app/infrastructure/db/repositories/refresh_token.py", line 21, in create
    orm = await self.add(orm, commit=commit)
          ^^^^^^^^^^^^^^^^^^^^^^^^^^^^^^^^^^
  File "/Users/mac/Documents/Stage-ML/ai-adaptive-learning-platform/backend/app/infrastructure/db/repositories/base.py", line 97, in add
    return await self.create(instance, commit=commit)
           ^^^^^^^^^^^^^^^^^^^^^^^^^^^^^^^^^^^^^^^^^^
  File "/Users/mac/Documents/Stage-ML/ai-adaptive-learning-platform/backend/app/infrastructure/db/repositories/refresh_token.py", line 21, in create
    orm = await self.add(orm, commit=commit)
          ^^^^^^^^^^^^^^^^^^^^^^^^^^^^^^^^^^
  File "/Users/mac/Documents/Stage-ML/ai-adaptive-learning-platform/backend/app/infrastructure/db/repositories/base.py", line 97, in add
    return await self.create(instance, commit=commit)
           ^^^^^^^^^^^^^^^^^^^^^^^^^^^^^^^^^^^^^^^^^^
  File "/Users/mac/Documents/Stage-ML/ai-adaptive-learning-platform/backend/app/infrastructure/db/repositories/refresh_token.py", line 21, in create
    orm = await self.add(orm, commit=commit)
          ^^^^^^^^^^^^^^^^^^^^^^^^^^^^^^^^^^
  File "/Users/mac/Documents/Stage-ML/ai-adaptive-learning-platform/backend/app/infrastructure/db/repositories/base.py", line 97, in add
    return await self.create(instance, commit=commit)
           ^^^^^^^^^^^^^^^^^^^^^^^^^^^^^^^^^^^^^^^^^^
  File "/Users/mac/Documents/Stage-ML/ai-adaptive-learning-platform/backend/app/infrastructure/db/repositories/refresh_token.py", line 21, in create
    orm = await self.add(orm, commit=commit)
          ^^^^^^^^^^^^^^^^^^^^^^^^^^^^^^^^^^
  File "/Users/mac/Documents/Stage-ML/ai-adaptive-learning-platform/backend/app/infrastructure/db/repositories/base.py", line 97, in add
    return await self.create(instance, commit=commit)
           ^^^^^^^^^^^^^^^^^^^^^^^^^^^^^^^^^^^^^^^^^^
  File "/Users/mac/Documents/Stage-ML/ai-adaptive-learning-platform/backend/app/infrastructure/db/repositories/refresh_token.py", line 21, in create
    orm = await self.add(orm, commit=commit)
          ^^^^^^^^^^^^^^^^^^^^^^^^^^^^^^^^^^
  File "/Users/mac/Documents/Stage-ML/ai-adaptive-learning-platform/backend/app/infrastructure/db/repositories/base.py", line 97, in add
    return await self.create(instance, commit=commit)
           ^^^^^^^^^^^^^^^^^^^^^^^^^^^^^^^^^^^^^^^^^^
  File "/Users/mac/Documents/Stage-ML/ai-adaptive-learning-platform/backend/app/infrastructure/db/repositories/refresh_token.py", line 21, in create
    orm = await self.add(orm, commit=commit)
          ^^^^^^^^^^^^^^^^^^^^^^^^^^^^^^^^^^
  File "/Users/mac/Documents/Stage-ML/ai-adaptive-learning-platform/backend/app/infrastructure/db/repositories/base.py", line 97, in add
    return await self.create(instance, commit=commit)
           ^^^^^^^^^^^^^^^^^^^^^^^^^^^^^^^^^^^^^^^^^^
  File "/Users/mac/Documents/Stage-ML/ai-adaptive-learning-platform/backend/app/infrastructure/db/repositories/refresh_token.py", line 21, in create
    orm = await self.add(orm, commit=commit)
          ^^^^^^^^^^^^^^^^^^^^^^^^^^^^^^^^^^
  File "/Users/mac/Documents/Stage-ML/ai-adaptive-learning-platform/backend/app/infrastructure/db/repositories/base.py", line 97, in add
    return await self.create(instance, commit=commit)
           ^^^^^^^^^^^^^^^^^^^^^^^^^^^^^^^^^^^^^^^^^^
  File "/Users/mac/Documents/Stage-ML/ai-adaptive-learning-platform/backend/app/infrastructure/db/repositories/refresh_token.py", line 21, in create
    orm = await self.add(orm, commit=commit)
          ^^^^^^^^^^^^^^^^^^^^^^^^^^^^^^^^^^
  File "/Users/mac/Documents/Stage-ML/ai-adaptive-learning-platform/backend/app/infrastructure/db/repositories/base.py", line 97, in add
    return await self.create(instance, commit=commit)
           ^^^^^^^^^^^^^^^^^^^^^^^^^^^^^^^^^^^^^^^^^^
  File "/Users/mac/Documents/Stage-ML/ai-adaptive-learning-platform/backend/app/infrastructure/db/repositories/refresh_token.py", line 21, in create
    orm = await self.add(orm, commit=commit)
          ^^^^^^^^^^^^^^^^^^^^^^^^^^^^^^^^^^
  File "/Users/mac/Documents/Stage-ML/ai-adaptive-learning-platform/backend/app/infrastructure/db/repositories/base.py", line 97, in add
    return await self.create(instance, commit=commit)
           ^^^^^^^^^^^^^^^^^^^^^^^^^^^^^^^^^^^^^^^^^^
  File "/Users/mac/Documents/Stage-ML/ai-adaptive-learning-platform/backend/app/infrastructure/db/repositories/refresh_token.py", line 21, in create
    orm = await self.add(orm, commit=commit)
          ^^^^^^^^^^^^^^^^^^^^^^^^^^^^^^^^^^
  File "/Users/mac/Documents/Stage-ML/ai-adaptive-learning-platform/backend/app/infrastructure/db/repositories/base.py", line 97, in add
    return await self.create(instance, commit=commit)
           ^^^^^^^^^^^^^^^^^^^^^^^^^^^^^^^^^^^^^^^^^^
  File "/Users/mac/Documents/Stage-ML/ai-adaptive-learning-platform/backend/app/infrastructure/db/repositories/refresh_token.py", line 21, in create
    orm = await self.add(orm, commit=commit)
          ^^^^^^^^^^^^^^^^^^^^^^^^^^^^^^^^^^
  File "/Users/mac/Documents/Stage-ML/ai-adaptive-learning-platform/backend/app/infrastructure/db/repositories/base.py", line 97, in add
    return await self.create(instance, commit=commit)
           ^^^^^^^^^^^^^^^^^^^^^^^^^^^^^^^^^^^^^^^^^^
  File "/Users/mac/Documents/Stage-ML/ai-adaptive-learning-platform/backend/app/infrastructure/db/repositories/refresh_token.py", line 21, in create
    orm = await self.add(orm, commit=commit)
          ^^^^^^^^^^^^^^^^^^^^^^^^^^^^^^^^^^
  File "/Users/mac/Documents/Stage-ML/ai-adaptive-learning-platform/backend/app/infrastructure/db/repositories/base.py", line 97, in add
    return await self.create(instance, commit=commit)
           ^^^^^^^^^^^^^^^^^^^^^^^^^^^^^^^^^^^^^^^^^^
  File "/Users/mac/Documents/Stage-ML/ai-adaptive-learning-platform/backend/app/infrastructure/db/repositories/refresh_token.py", line 21, in create
    orm = await self.add(orm, commit=commit)
          ^^^^^^^^^^^^^^^^^^^^^^^^^^^^^^^^^^
  File "/Users/mac/Documents/Stage-ML/ai-adaptive-learning-platform/backend/app/infrastructure/db/repositories/base.py", line 97, in add
    return await self.create(instance, commit=commit)
           ^^^^^^^^^^^^^^^^^^^^^^^^^^^^^^^^^^^^^^^^^^
  File "/Users/mac/Documents/Stage-ML/ai-adaptive-learning-platform/backend/app/infrastructure/db/repositories/refresh_token.py", line 21, in create
    orm = await self.add(orm, commit=commit)
          ^^^^^^^^^^^^^^^^^^^^^^^^^^^^^^^^^^
  File "/Users/mac/Documents/Stage-ML/ai-adaptive-learning-platform/backend/app/infrastructure/db/repositories/base.py", line 97, in add
    return await self.create(instance, commit=commit)
           ^^^^^^^^^^^^^^^^^^^^^^^^^^^^^^^^^^^^^^^^^^
  File "/Users/mac/Documents/Stage-ML/ai-adaptive-learning-platform/backend/app/infrastructure/db/repositories/refresh_token.py", line 21, in create
    orm = await self.add(orm, commit=commit)
          ^^^^^^^^^^^^^^^^^^^^^^^^^^^^^^^^^^
  File "/Users/mac/Documents/Stage-ML/ai-adaptive-learning-platform/backend/app/infrastructure/db/repositories/base.py", line 97, in add
    return await self.create(instance, commit=commit)
           ^^^^^^^^^^^^^^^^^^^^^^^^^^^^^^^^^^^^^^^^^^
  File "/Users/mac/Documents/Stage-ML/ai-adaptive-learning-platform/backend/app/infrastructure/db/repositories/refresh_token.py", line 21, in create
    orm = await self.add(orm, commit=commit)
          ^^^^^^^^^^^^^^^^^^^^^^^^^^^^^^^^^^
  File "/Users/mac/Documents/Stage-ML/ai-adaptive-learning-platform/backend/app/infrastructure/db/repositories/base.py", line 97, in add
    return await self.create(instance, commit=commit)
           ^^^^^^^^^^^^^^^^^^^^^^^^^^^^^^^^^^^^^^^^^^
  File "/Users/mac/Documents/Stage-ML/ai-adaptive-learning-platform/backend/app/infrastructure/db/repositories/refresh_token.py", line 21, in create
    orm = await self.add(orm, commit=commit)
          ^^^^^^^^^^^^^^^^^^^^^^^^^^^^^^^^^^
  File "/Users/mac/Documents/Stage-ML/ai-adaptive-learning-platform/backend/app/infrastructure/db/repositories/base.py", line 97, in add
    return await self.create(instance, commit=commit)
           ^^^^^^^^^^^^^^^^^^^^^^^^^^^^^^^^^^^^^^^^^^
  File "/Users/mac/Documents/Stage-ML/ai-adaptive-learning-platform/backend/app/infrastructure/db/repositories/refresh_token.py", line 21, in create
    orm = await self.add(orm, commit=commit)
          ^^^^^^^^^^^^^^^^^^^^^^^^^^^^^^^^^^
  File "/Users/mac/Documents/Stage-ML/ai-adaptive-learning-platform/backend/app/infrastructure/db/repositories/base.py", line 97, in add
    return await self.create(instance, commit=commit)
           ^^^^^^^^^^^^^^^^^^^^^^^^^^^^^^^^^^^^^^^^^^
  File "/Users/mac/Documents/Stage-ML/ai-adaptive-learning-platform/backend/app/infrastructure/db/repositories/refresh_token.py", line 21, in create
    orm = await self.add(orm, commit=commit)
          ^^^^^^^^^^^^^^^^^^^^^^^^^^^^^^^^^^
  File "/Users/mac/Documents/Stage-ML/ai-adaptive-learning-platform/backend/app/infrastructure/db/repositories/base.py", line 97, in add
    return await self.create(instance, commit=commit)
           ^^^^^^^^^^^^^^^^^^^^^^^^^^^^^^^^^^^^^^^^^^
  File "/Users/mac/Documents/Stage-ML/ai-adaptive-learning-platform/backend/app/infrastructure/db/repositories/refresh_token.py", line 21, in create
    orm = await self.add(orm, commit=commit)
          ^^^^^^^^^^^^^^^^^^^^^^^^^^^^^^^^^^
  File "/Users/mac/Documents/Stage-ML/ai-adaptive-learning-platform/backend/app/infrastructure/db/repositories/base.py", line 97, in add
    return await self.create(instance, commit=commit)
           ^^^^^^^^^^^^^^^^^^^^^^^^^^^^^^^^^^^^^^^^^^
  File "/Users/mac/Documents/Stage-ML/ai-adaptive-learning-platform/backend/app/infrastructure/db/repositories/refresh_token.py", line 21, in create
    orm = await self.add(orm, commit=commit)
          ^^^^^^^^^^^^^^^^^^^^^^^^^^^^^^^^^^
  File "/Users/mac/Documents/Stage-ML/ai-adaptive-learning-platform/backend/app/infrastructure/db/repositories/base.py", line 97, in add
    return await self.create(instance, commit=commit)
           ^^^^^^^^^^^^^^^^^^^^^^^^^^^^^^^^^^^^^^^^^^
  File "/Users/mac/Documents/Stage-ML/ai-adaptive-learning-platform/backend/app/infrastructure/db/repositories/refresh_token.py", line 21, in create
    orm = await self.add(orm, commit=commit)
          ^^^^^^^^^^^^^^^^^^^^^^^^^^^^^^^^^^
  File "/Users/mac/Documents/Stage-ML/ai-adaptive-learning-platform/backend/app/infrastructure/db/repositories/base.py", line 97, in add
    return await self.create(instance, commit=commit)
           ^^^^^^^^^^^^^^^^^^^^^^^^^^^^^^^^^^^^^^^^^^
  File "/Users/mac/Documents/Stage-ML/ai-adaptive-learning-platform/backend/app/infrastructure/db/repositories/refresh_token.py", line 21, in create
    orm = await self.add(orm, commit=commit)
          ^^^^^^^^^^^^^^^^^^^^^^^^^^^^^^^^^^
  File "/Users/mac/Documents/Stage-ML/ai-adaptive-learning-platform/backend/app/infrastructure/db/repositories/base.py", line 97, in add
    return await self.create(instance, commit=commit)
           ^^^^^^^^^^^^^^^^^^^^^^^^^^^^^^^^^^^^^^^^^^
  File "/Users/mac/Documents/Stage-ML/ai-adaptive-learning-platform/backend/app/infrastructure/db/repositories/refresh_token.py", line 21, in create
    orm = await self.add(orm, commit=commit)
          ^^^^^^^^^^^^^^^^^^^^^^^^^^^^^^^^^^
  File "/Users/mac/Documents/Stage-ML/ai-adaptive-learning-platform/backend/app/infrastructure/db/repositories/base.py", line 97, in add
    return await self.create(instance, commit=commit)
           ^^^^^^^^^^^^^^^^^^^^^^^^^^^^^^^^^^^^^^^^^^
  File "/Users/mac/Documents/Stage-ML/ai-adaptive-learning-platform/backend/app/infrastructure/db/repositories/refresh_token.py", line 21, in create
    orm = await self.add(orm, commit=commit)
          ^^^^^^^^^^^^^^^^^^^^^^^^^^^^^^^^^^
  File "/Users/mac/Documents/Stage-ML/ai-adaptive-learning-platform/backend/app/infrastructure/db/repositories/base.py", line 97, in add
    return await self.create(instance, commit=commit)
           ^^^^^^^^^^^^^^^^^^^^^^^^^^^^^^^^^^^^^^^^^^
  File "/Users/mac/Documents/Stage-ML/ai-adaptive-learning-platform/backend/app/infrastructure/db/repositories/refresh_token.py", line 21, in create
    orm = await self.add(orm, commit=commit)
          ^^^^^^^^^^^^^^^^^^^^^^^^^^^^^^^^^^
  File "/Users/mac/Documents/Stage-ML/ai-adaptive-learning-platform/backend/app/infrastructure/db/repositories/base.py", line 97, in add
    return await self.create(instance, commit=commit)
           ^^^^^^^^^^^^^^^^^^^^^^^^^^^^^^^^^^^^^^^^^^
  File "/Users/mac/Documents/Stage-ML/ai-adaptive-learning-platform/backend/app/infrastructure/db/repositories/refresh_token.py", line 21, in create
    orm = await self.add(orm, commit=commit)
          ^^^^^^^^^^^^^^^^^^^^^^^^^^^^^^^^^^
  File "/Users/mac/Documents/Stage-ML/ai-adaptive-learning-platform/backend/app/infrastructure/db/repositories/base.py", line 97, in add
    return await self.create(instance, commit=commit)
           ^^^^^^^^^^^^^^^^^^^^^^^^^^^^^^^^^^^^^^^^^^
  File "/Users/mac/Documents/Stage-ML/ai-adaptive-learning-platform/backend/app/infrastructure/db/repositories/refresh_token.py", line 21, in create
    orm = await self.add(orm, commit=commit)
          ^^^^^^^^^^^^^^^^^^^^^^^^^^^^^^^^^^
  File "/Users/mac/Documents/Stage-ML/ai-adaptive-learning-platform/backend/app/infrastructure/db/repositories/base.py", line 97, in add
    return await self.create(instance, commit=commit)
           ^^^^^^^^^^^^^^^^^^^^^^^^^^^^^^^^^^^^^^^^^^
  File "/Users/mac/Documents/Stage-ML/ai-adaptive-learning-platform/backend/app/infrastructure/db/repositories/refresh_token.py", line 21, in create
    orm = await self.add(orm, commit=commit)
          ^^^^^^^^^^^^^^^^^^^^^^^^^^^^^^^^^^
  File "/Users/mac/Documents/Stage-ML/ai-adaptive-learning-platform/backend/app/infrastructure/db/repositories/base.py", line 97, in add
    return await self.create(instance, commit=commit)
           ^^^^^^^^^^^^^^^^^^^^^^^^^^^^^^^^^^^^^^^^^^
  File "/Users/mac/Documents/Stage-ML/ai-adaptive-learning-platform/backend/app/infrastructure/db/repositories/refresh_token.py", line 21, in create
    orm = await self.add(orm, commit=commit)
          ^^^^^^^^^^^^^^^^^^^^^^^^^^^^^^^^^^
  File "/Users/mac/Documents/Stage-ML/ai-adaptive-learning-platform/backend/app/infrastructure/db/repositories/base.py", line 97, in add
    return await self.create(instance, commit=commit)
           ^^^^^^^^^^^^^^^^^^^^^^^^^^^^^^^^^^^^^^^^^^
  File "/Users/mac/Documents/Stage-ML/ai-adaptive-learning-platform/backend/app/infrastructure/db/repositories/refresh_token.py", line 21, in create
    orm = await self.add(orm, commit=commit)
          ^^^^^^^^^^^^^^^^^^^^^^^^^^^^^^^^^^
  File "/Users/mac/Documents/Stage-ML/ai-adaptive-learning-platform/backend/app/infrastructure/db/repositories/base.py", line 97, in add
    return await self.create(instance, commit=commit)
           ^^^^^^^^^^^^^^^^^^^^^^^^^^^^^^^^^^^^^^^^^^
  File "/Users/mac/Documents/Stage-ML/ai-adaptive-learning-platform/backend/app/infrastructure/db/repositories/refresh_token.py", line 21, in create
    orm = await self.add(orm, commit=commit)
          ^^^^^^^^^^^^^^^^^^^^^^^^^^^^^^^^^^
  File "/Users/mac/Documents/Stage-ML/ai-adaptive-learning-platform/backend/app/infrastructure/db/repositories/base.py", line 97, in add
    return await self.create(instance, commit=commit)
           ^^^^^^^^^^^^^^^^^^^^^^^^^^^^^^^^^^^^^^^^^^
  File "/Users/mac/Documents/Stage-ML/ai-adaptive-learning-platform/backend/app/infrastructure/db/repositories/refresh_token.py", line 21, in create
    orm = await self.add(orm, commit=commit)
          ^^^^^^^^^^^^^^^^^^^^^^^^^^^^^^^^^^
  File "/Users/mac/Documents/Stage-ML/ai-adaptive-learning-platform/backend/app/infrastructure/db/repositories/base.py", line 97, in add
    return await self.create(instance, commit=commit)
           ^^^^^^^^^^^^^^^^^^^^^^^^^^^^^^^^^^^^^^^^^^
  File "/Users/mac/Documents/Stage-ML/ai-adaptive-learning-platform/backend/app/infrastructure/db/repositories/refresh_token.py", line 21, in create
    orm = await self.add(orm, commit=commit)
          ^^^^^^^^^^^^^^^^^^^^^^^^^^^^^^^^^^
  File "/Users/mac/Documents/Stage-ML/ai-adaptive-learning-platform/backend/app/infrastructure/db/repositories/base.py", line 97, in add
    return await self.create(instance, commit=commit)
           ^^^^^^^^^^^^^^^^^^^^^^^^^^^^^^^^^^^^^^^^^^
  File "/Users/mac/Documents/Stage-ML/ai-adaptive-learning-platform/backend/app/infrastructure/db/repositories/refresh_token.py", line 21, in create
    orm = await self.add(orm, commit=commit)
          ^^^^^^^^^^^^^^^^^^^^^^^^^^^^^^^^^^
  File "/Users/mac/Documents/Stage-ML/ai-adaptive-learning-platform/backend/app/infrastructure/db/repositories/base.py", line 97, in add
    return await self.create(instance, commit=commit)
           ^^^^^^^^^^^^^^^^^^^^^^^^^^^^^^^^^^^^^^^^^^
  File "/Users/mac/Documents/Stage-ML/ai-adaptive-learning-platform/backend/app/infrastructure/db/repositories/refresh_token.py", line 21, in create
    orm = await self.add(orm, commit=commit)
          ^^^^^^^^^^^^^^^^^^^^^^^^^^^^^^^^^^
  File "/Users/mac/Documents/Stage-ML/ai-adaptive-learning-platform/backend/app/infrastructure/db/repositories/base.py", line 97, in add
    return await self.create(instance, commit=commit)
           ^^^^^^^^^^^^^^^^^^^^^^^^^^^^^^^^^^^^^^^^^^
  File "/Users/mac/Documents/Stage-ML/ai-adaptive-learning-platform/backend/app/infrastructure/db/repositories/refresh_token.py", line 21, in create
    orm = await self.add(orm, commit=commit)
          ^^^^^^^^^^^^^^^^^^^^^^^^^^^^^^^^^^
  File "/Users/mac/Documents/Stage-ML/ai-adaptive-learning-platform/backend/app/infrastructure/db/repositories/base.py", line 97, in add
    return await self.create(instance, commit=commit)
           ^^^^^^^^^^^^^^^^^^^^^^^^^^^^^^^^^^^^^^^^^^
  File "/Users/mac/Documents/Stage-ML/ai-adaptive-learning-platform/backend/app/infrastructure/db/repositories/refresh_token.py", line 21, in create
    orm = await self.add(orm, commit=commit)
          ^^^^^^^^^^^^^^^^^^^^^^^^^^^^^^^^^^
  File "/Users/mac/Documents/Stage-ML/ai-adaptive-learning-platform/backend/app/infrastructure/db/repositories/base.py", line 97, in add
    return await self.create(instance, commit=commit)
           ^^^^^^^^^^^^^^^^^^^^^^^^^^^^^^^^^^^^^^^^^^
  File "/Users/mac/Documents/Stage-ML/ai-adaptive-learning-platform/backend/app/infrastructure/db/repositories/refresh_token.py", line 21, in create
    orm = await self.add(orm, commit=commit)
          ^^^^^^^^^^^^^^^^^^^^^^^^^^^^^^^^^^
  File "/Users/mac/Documents/Stage-ML/ai-adaptive-learning-platform/backend/app/infrastructure/db/repositories/base.py", line 97, in add
    return await self.create(instance, commit=commit)
           ^^^^^^^^^^^^^^^^^^^^^^^^^^^^^^^^^^^^^^^^^^
  File "/Users/mac/Documents/Stage-ML/ai-adaptive-learning-platform/backend/app/infrastructure/db/repositories/refresh_token.py", line 21, in create
    orm = await self.add(orm, commit=commit)
          ^^^^^^^^^^^^^^^^^^^^^^^^^^^^^^^^^^
  File "/Users/mac/Documents/Stage-ML/ai-adaptive-learning-platform/backend/app/infrastructure/db/repositories/base.py", line 97, in add
    return await self.create(instance, commit=commit)
           ^^^^^^^^^^^^^^^^^^^^^^^^^^^^^^^^^^^^^^^^^^
  File "/Users/mac/Documents/Stage-ML/ai-adaptive-learning-platform/backend/app/infrastructure/db/repositories/refresh_token.py", line 21, in create
    orm = await self.add(orm, commit=commit)
          ^^^^^^^^^^^^^^^^^^^^^^^^^^^^^^^^^^
  File "/Users/mac/Documents/Stage-ML/ai-adaptive-learning-platform/backend/app/infrastructure/db/repositories/base.py", line 97, in add
    return await self.create(instance, commit=commit)
           ^^^^^^^^^^^^^^^^^^^^^^^^^^^^^^^^^^^^^^^^^^
  File "/Users/mac/Documents/Stage-ML/ai-adaptive-learning-platform/backend/app/infrastructure/db/repositories/refresh_token.py", line 21, in create
    orm = await self.add(orm, commit=commit)
          ^^^^^^^^^^^^^^^^^^^^^^^^^^^^^^^^^^
  File "/Users/mac/Documents/Stage-ML/ai-adaptive-learning-platform/backend/app/infrastructure/db/repositories/base.py", line 97, in add
    return await self.create(instance, commit=commit)
           ^^^^^^^^^^^^^^^^^^^^^^^^^^^^^^^^^^^^^^^^^^
  File "/Users/mac/Documents/Stage-ML/ai-adaptive-learning-platform/backend/app/infrastructure/db/repositories/refresh_token.py", line 21, in create
    orm = await self.add(orm, commit=commit)
          ^^^^^^^^^^^^^^^^^^^^^^^^^^^^^^^^^^
  File "/Users/mac/Documents/Stage-ML/ai-adaptive-learning-platform/backend/app/infrastructure/db/repositories/base.py", line 97, in add
    return await self.create(instance, commit=commit)
           ^^^^^^^^^^^^^^^^^^^^^^^^^^^^^^^^^^^^^^^^^^
  File "/Users/mac/Documents/Stage-ML/ai-adaptive-learning-platform/backend/app/infrastructure/db/repositories/refresh_token.py", line 21, in create
    orm = await self.add(orm, commit=commit)
          ^^^^^^^^^^^^^^^^^^^^^^^^^^^^^^^^^^
  File "/Users/mac/Documents/Stage-ML/ai-adaptive-learning-platform/backend/app/infrastructure/db/repositories/base.py", line 97, in add
    return await self.create(instance, commit=commit)
           ^^^^^^^^^^^^^^^^^^^^^^^^^^^^^^^^^^^^^^^^^^
  File "/Users/mac/Documents/Stage-ML/ai-adaptive-learning-platform/backend/app/infrastructure/db/repositories/refresh_token.py", line 21, in create
    orm = await self.add(orm, commit=commit)
          ^^^^^^^^^^^^^^^^^^^^^^^^^^^^^^^^^^
  File "/Users/mac/Documents/Stage-ML/ai-adaptive-learning-platform/backend/app/infrastructure/db/repositories/base.py", line 97, in add
    return await self.create(instance, commit=commit)
           ^^^^^^^^^^^^^^^^^^^^^^^^^^^^^^^^^^^^^^^^^^
  File "/Users/mac/Documents/Stage-ML/ai-adaptive-learning-platform/backend/app/infrastructure/db/repositories/refresh_token.py", line 21, in create
    orm = await self.add(orm, commit=commit)
          ^^^^^^^^^^^^^^^^^^^^^^^^^^^^^^^^^^
  File "/Users/mac/Documents/Stage-ML/ai-adaptive-learning-platform/backend/app/infrastructure/db/repositories/base.py", line 97, in add
    return await self.create(instance, commit=commit)
           ^^^^^^^^^^^^^^^^^^^^^^^^^^^^^^^^^^^^^^^^^^
  File "/Users/mac/Documents/Stage-ML/ai-adaptive-learning-platform/backend/app/infrastructure/db/repositories/refresh_token.py", line 21, in create
    orm = await self.add(orm, commit=commit)
          ^^^^^^^^^^^^^^^^^^^^^^^^^^^^^^^^^^
  File "/Users/mac/Documents/Stage-ML/ai-adaptive-learning-platform/backend/app/infrastructure/db/repositories/base.py", line 97, in add
    return await self.create(instance, commit=commit)
           ^^^^^^^^^^^^^^^^^^^^^^^^^^^^^^^^^^^^^^^^^^
  File "/Users/mac/Documents/Stage-ML/ai-adaptive-learning-platform/backend/app/infrastructure/db/repositories/refresh_token.py", line 21, in create
    orm = await self.add(orm, commit=commit)
          ^^^^^^^^^^^^^^^^^^^^^^^^^^^^^^^^^^
  File "/Users/mac/Documents/Stage-ML/ai-adaptive-learning-platform/backend/app/infrastructure/db/repositories/base.py", line 97, in add
    return await self.create(instance, commit=commit)
           ^^^^^^^^^^^^^^^^^^^^^^^^^^^^^^^^^^^^^^^^^^
  File "/Users/mac/Documents/Stage-ML/ai-adaptive-learning-platform/backend/app/infrastructure/db/repositories/refresh_token.py", line 21, in create
    orm = await self.add(orm, commit=commit)
          ^^^^^^^^^^^^^^^^^^^^^^^^^^^^^^^^^^
  File "/Users/mac/Documents/Stage-ML/ai-adaptive-learning-platform/backend/app/infrastructure/db/repositories/base.py", line 97, in add
    return await self.create(instance, commit=commit)
           ^^^^^^^^^^^^^^^^^^^^^^^^^^^^^^^^^^^^^^^^^^
  File "/Users/mac/Documents/Stage-ML/ai-adaptive-learning-platform/backend/app/infrastructure/db/repositories/refresh_token.py", line 21, in create
    orm = await self.add(orm, commit=commit)
          ^^^^^^^^^^^^^^^^^^^^^^^^^^^^^^^^^^
  File "/Users/mac/Documents/Stage-ML/ai-adaptive-learning-platform/backend/app/infrastructure/db/repositories/base.py", line 97, in add
    return await self.create(instance, commit=commit)
           ^^^^^^^^^^^^^^^^^^^^^^^^^^^^^^^^^^^^^^^^^^
  File "/Users/mac/Documents/Stage-ML/ai-adaptive-learning-platform/backend/app/infrastructure/db/repositories/refresh_token.py", line 21, in create
    orm = await self.add(orm, commit=commit)
          ^^^^^^^^^^^^^^^^^^^^^^^^^^^^^^^^^^
  File "/Users/mac/Documents/Stage-ML/ai-adaptive-learning-platform/backend/app/infrastructure/db/repositories/base.py", line 97, in add
    return await self.create(instance, commit=commit)
           ^^^^^^^^^^^^^^^^^^^^^^^^^^^^^^^^^^^^^^^^^^
  File "/Users/mac/Documents/Stage-ML/ai-adaptive-learning-platform/backend/app/infrastructure/db/repositories/refresh_token.py", line 21, in create
    orm = await self.add(orm, commit=commit)
          ^^^^^^^^^^^^^^^^^^^^^^^^^^^^^^^^^^
  File "/Users/mac/Documents/Stage-ML/ai-adaptive-learning-platform/backend/app/infrastructure/db/repositories/base.py", line 97, in add
    return await self.create(instance, commit=commit)
           ^^^^^^^^^^^^^^^^^^^^^^^^^^^^^^^^^^^^^^^^^^
  File "/Users/mac/Documents/Stage-ML/ai-adaptive-learning-platform/backend/app/infrastructure/db/repositories/refresh_token.py", line 21, in create
    orm = await self.add(orm, commit=commit)
          ^^^^^^^^^^^^^^^^^^^^^^^^^^^^^^^^^^
  File "/Users/mac/Documents/Stage-ML/ai-adaptive-learning-platform/backend/app/infrastructure/db/repositories/base.py", line 97, in add
    return await self.create(instance, commit=commit)
           ^^^^^^^^^^^^^^^^^^^^^^^^^^^^^^^^^^^^^^^^^^
  File "/Users/mac/Documents/Stage-ML/ai-adaptive-learning-platform/backend/app/infrastructure/db/repositories/refresh_token.py", line 21, in create
    orm = await self.add(orm, commit=commit)
          ^^^^^^^^^^^^^^^^^^^^^^^^^^^^^^^^^^
  File "/Users/mac/Documents/Stage-ML/ai-adaptive-learning-platform/backend/app/infrastructure/db/repositories/base.py", line 97, in add
    return await self.create(instance, commit=commit)
           ^^^^^^^^^^^^^^^^^^^^^^^^^^^^^^^^^^^^^^^^^^
  File "/Users/mac/Documents/Stage-ML/ai-adaptive-learning-platform/backend/app/infrastructure/db/repositories/refresh_token.py", line 21, in create
    orm = await self.add(orm, commit=commit)
          ^^^^^^^^^^^^^^^^^^^^^^^^^^^^^^^^^^
  File "/Users/mac/Documents/Stage-ML/ai-adaptive-learning-platform/backend/app/infrastructure/db/repositories/base.py", line 97, in add
    return await self.create(instance, commit=commit)
           ^^^^^^^^^^^^^^^^^^^^^^^^^^^^^^^^^^^^^^^^^^
  File "/Users/mac/Documents/Stage-ML/ai-adaptive-learning-platform/backend/app/infrastructure/db/repositories/refresh_token.py", line 21, in create
    orm = await self.add(orm, commit=commit)
          ^^^^^^^^^^^^^^^^^^^^^^^^^^^^^^^^^^
  File "/Users/mac/Documents/Stage-ML/ai-adaptive-learning-platform/backend/app/infrastructure/db/repositories/base.py", line 97, in add
    return await self.create(instance, commit=commit)
           ^^^^^^^^^^^^^^^^^^^^^^^^^^^^^^^^^^^^^^^^^^
  File "/Users/mac/Documents/Stage-ML/ai-adaptive-learning-platform/backend/app/infrastructure/db/repositories/refresh_token.py", line 21, in create
    orm = await self.add(orm, commit=commit)
          ^^^^^^^^^^^^^^^^^^^^^^^^^^^^^^^^^^
  File "/Users/mac/Documents/Stage-ML/ai-adaptive-learning-platform/backend/app/infrastructure/db/repositories/base.py", line 97, in add
    return await self.create(instance, commit=commit)
           ^^^^^^^^^^^^^^^^^^^^^^^^^^^^^^^^^^^^^^^^^^
  File "/Users/mac/Documents/Stage-ML/ai-adaptive-learning-platform/backend/app/infrastructure/db/repositories/refresh_token.py", line 21, in create
    orm = await self.add(orm, commit=commit)
          ^^^^^^^^^^^^^^^^^^^^^^^^^^^^^^^^^^
  File "/Users/mac/Documents/Stage-ML/ai-adaptive-learning-platform/backend/app/infrastructure/db/repositories/base.py", line 97, in add
    return await self.create(instance, commit=commit)
           ^^^^^^^^^^^^^^^^^^^^^^^^^^^^^^^^^^^^^^^^^^
  File "/Users/mac/Documents/Stage-ML/ai-adaptive-learning-platform/backend/app/infrastructure/db/repositories/refresh_token.py", line 21, in create
    orm = await self.add(orm, commit=commit)
          ^^^^^^^^^^^^^^^^^^^^^^^^^^^^^^^^^^
  File "/Users/mac/Documents/Stage-ML/ai-adaptive-learning-platform/backend/app/infrastructure/db/repositories/base.py", line 97, in add
    return await self.create(instance, commit=commit)
           ^^^^^^^^^^^^^^^^^^^^^^^^^^^^^^^^^^^^^^^^^^
  File "/Users/mac/Documents/Stage-ML/ai-adaptive-learning-platform/backend/app/infrastructure/db/repositories/refresh_token.py", line 21, in create
    orm = await self.add(orm, commit=commit)
          ^^^^^^^^^^^^^^^^^^^^^^^^^^^^^^^^^^
  File "/Users/mac/Documents/Stage-ML/ai-adaptive-learning-platform/backend/app/infrastructure/db/repositories/base.py", line 97, in add
    return await self.create(instance, commit=commit)
           ^^^^^^^^^^^^^^^^^^^^^^^^^^^^^^^^^^^^^^^^^^
  File "/Users/mac/Documents/Stage-ML/ai-adaptive-learning-platform/backend/app/infrastructure/db/repositories/refresh_token.py", line 21, in create
    orm = await self.add(orm, commit=commit)
          ^^^^^^^^^^^^^^^^^^^^^^^^^^^^^^^^^^
  File "/Users/mac/Documents/Stage-ML/ai-adaptive-learning-platform/backend/app/infrastructure/db/repositories/base.py", line 97, in add
    return await self.create(instance, commit=commit)
           ^^^^^^^^^^^^^^^^^^^^^^^^^^^^^^^^^^^^^^^^^^
  File "/Users/mac/Documents/Stage-ML/ai-adaptive-learning-platform/backend/app/infrastructure/db/repositories/refresh_token.py", line 21, in create
    orm = await self.add(orm, commit=commit)
          ^^^^^^^^^^^^^^^^^^^^^^^^^^^^^^^^^^
  File "/Users/mac/Documents/Stage-ML/ai-adaptive-learning-platform/backend/app/infrastructure/db/repositories/base.py", line 97, in add
    return await self.create(instance, commit=commit)
           ^^^^^^^^^^^^^^^^^^^^^^^^^^^^^^^^^^^^^^^^^^
  File "/Users/mac/Documents/Stage-ML/ai-adaptive-learning-platform/backend/app/infrastructure/db/repositories/refresh_token.py", line 21, in create
    orm = await self.add(orm, commit=commit)
          ^^^^^^^^^^^^^^^^^^^^^^^^^^^^^^^^^^
  File "/Users/mac/Documents/Stage-ML/ai-adaptive-learning-platform/backend/app/infrastructure/db/repositories/base.py", line 97, in add
    return await self.create(instance, commit=commit)
           ^^^^^^^^^^^^^^^^^^^^^^^^^^^^^^^^^^^^^^^^^^
  File "/Users/mac/Documents/Stage-ML/ai-adaptive-learning-platform/backend/app/infrastructure/db/repositories/refresh_token.py", line 21, in create
    orm = await self.add(orm, commit=commit)
          ^^^^^^^^^^^^^^^^^^^^^^^^^^^^^^^^^^
  File "/Users/mac/Documents/Stage-ML/ai-adaptive-learning-platform/backend/app/infrastructure/db/repositories/base.py", line 97, in add
    return await self.create(instance, commit=commit)
           ^^^^^^^^^^^^^^^^^^^^^^^^^^^^^^^^^^^^^^^^^^
  File "/Users/mac/Documents/Stage-ML/ai-adaptive-learning-platform/backend/app/infrastructure/db/repositories/refresh_token.py", line 21, in create
    orm = await self.add(orm, commit=commit)
          ^^^^^^^^^^^^^^^^^^^^^^^^^^^^^^^^^^
  File "/Users/mac/Documents/Stage-ML/ai-adaptive-learning-platform/backend/app/infrastructure/db/repositories/base.py", line 97, in add
    return await self.create(instance, commit=commit)
           ^^^^^^^^^^^^^^^^^^^^^^^^^^^^^^^^^^^^^^^^^^
  File "/Users/mac/Documents/Stage-ML/ai-adaptive-learning-platform/backend/app/infrastructure/db/repositories/refresh_token.py", line 21, in create
    orm = await self.add(orm, commit=commit)
          ^^^^^^^^^^^^^^^^^^^^^^^^^^^^^^^^^^
  File "/Users/mac/Documents/Stage-ML/ai-adaptive-learning-platform/backend/app/infrastructure/db/repositories/base.py", line 97, in add
    return await self.create(instance, commit=commit)
           ^^^^^^^^^^^^^^^^^^^^^^^^^^^^^^^^^^^^^^^^^^
  File "/Users/mac/Documents/Stage-ML/ai-adaptive-learning-platform/backend/app/infrastructure/db/repositories/refresh_token.py", line 21, in create
    orm = await self.add(orm, commit=commit)
          ^^^^^^^^^^^^^^^^^^^^^^^^^^^^^^^^^^
  File "/Users/mac/Documents/Stage-ML/ai-adaptive-learning-platform/backend/app/infrastructure/db/repositories/base.py", line 97, in add
    return await self.create(instance, commit=commit)
           ^^^^^^^^^^^^^^^^^^^^^^^^^^^^^^^^^^^^^^^^^^
  File "/Users/mac/Documents/Stage-ML/ai-adaptive-learning-platform/backend/app/infrastructure/db/repositories/refresh_token.py", line 21, in create
    orm = await self.add(orm, commit=commit)
          ^^^^^^^^^^^^^^^^^^^^^^^^^^^^^^^^^^
  File "/Users/mac/Documents/Stage-ML/ai-adaptive-learning-platform/backend/app/infrastructure/db/repositories/base.py", line 97, in add
    return await self.create(instance, commit=commit)
           ^^^^^^^^^^^^^^^^^^^^^^^^^^^^^^^^^^^^^^^^^^
  File "/Users/mac/Documents/Stage-ML/ai-adaptive-learning-platform/backend/app/infrastructure/db/repositories/refresh_token.py", line 21, in create
    orm = await self.add(orm, commit=commit)
          ^^^^^^^^^^^^^^^^^^^^^^^^^^^^^^^^^^
  File "/Users/mac/Documents/Stage-ML/ai-adaptive-learning-platform/backend/app/infrastructure/db/repositories/base.py", line 97, in add
    return await self.create(instance, commit=commit)
           ^^^^^^^^^^^^^^^^^^^^^^^^^^^^^^^^^^^^^^^^^^
  File "/Users/mac/Documents/Stage-ML/ai-adaptive-learning-platform/backend/app/infrastructure/db/repositories/refresh_token.py", line 21, in create
    orm = await self.add(orm, commit=commit)
          ^^^^^^^^^^^^^^^^^^^^^^^^^^^^^^^^^^
  File "/Users/mac/Documents/Stage-ML/ai-adaptive-learning-platform/backend/app/infrastructure/db/repositories/base.py", line 97, in add
    return await self.create(instance, commit=commit)
           ^^^^^^^^^^^^^^^^^^^^^^^^^^^^^^^^^^^^^^^^^^
  File "/Users/mac/Documents/Stage-ML/ai-adaptive-learning-platform/backend/app/infrastructure/db/repositories/refresh_token.py", line 21, in create
    orm = await self.add(orm, commit=commit)
          ^^^^^^^^^^^^^^^^^^^^^^^^^^^^^^^^^^
  File "/Users/mac/Documents/Stage-ML/ai-adaptive-learning-platform/backend/app/infrastructure/db/repositories/base.py", line 97, in add
    return await self.create(instance, commit=commit)
           ^^^^^^^^^^^^^^^^^^^^^^^^^^^^^^^^^^^^^^^^^^
  File "/Users/mac/Documents/Stage-ML/ai-adaptive-learning-platform/backend/app/infrastructure/db/repositories/refresh_token.py", line 21, in create
    orm = await self.add(orm, commit=commit)
          ^^^^^^^^^^^^^^^^^^^^^^^^^^^^^^^^^^
  File "/Users/mac/Documents/Stage-ML/ai-adaptive-learning-platform/backend/app/infrastructure/db/repositories/base.py", line 97, in add
    return await self.create(instance, commit=commit)
           ^^^^^^^^^^^^^^^^^^^^^^^^^^^^^^^^^^^^^^^^^^
  File "/Users/mac/Documents/Stage-ML/ai-adaptive-learning-platform/backend/app/infrastructure/db/repositories/refresh_token.py", line 21, in create
    orm = await self.add(orm, commit=commit)
          ^^^^^^^^^^^^^^^^^^^^^^^^^^^^^^^^^^
  File "/Users/mac/Documents/Stage-ML/ai-adaptive-learning-platform/backend/app/infrastructure/db/repositories/base.py", line 97, in add
    return await self.create(instance, commit=commit)
           ^^^^^^^^^^^^^^^^^^^^^^^^^^^^^^^^^^^^^^^^^^
  File "/Users/mac/Documents/Stage-ML/ai-adaptive-learning-platform/backend/app/infrastructure/db/repositories/refresh_token.py", line 21, in create
    orm = await self.add(orm, commit=commit)
          ^^^^^^^^^^^^^^^^^^^^^^^^^^^^^^^^^^
  File "/Users/mac/Documents/Stage-ML/ai-adaptive-learning-platform/backend/app/infrastructure/db/repositories/base.py", line 97, in add
    return await self.create(instance, commit=commit)
           ^^^^^^^^^^^^^^^^^^^^^^^^^^^^^^^^^^^^^^^^^^
  File "/Users/mac/Documents/Stage-ML/ai-adaptive-learning-platform/backend/app/infrastructure/db/repositories/refresh_token.py", line 21, in create
    orm = await self.add(orm, commit=commit)
          ^^^^^^^^^^^^^^^^^^^^^^^^^^^^^^^^^^
  File "/Users/mac/Documents/Stage-ML/ai-adaptive-learning-platform/backend/app/infrastructure/db/repositories/base.py", line 97, in add
    return await self.create(instance, commit=commit)
           ^^^^^^^^^^^^^^^^^^^^^^^^^^^^^^^^^^^^^^^^^^
  File "/Users/mac/Documents/Stage-ML/ai-adaptive-learning-platform/backend/app/infrastructure/db/repositories/refresh_token.py", line 21, in create
    orm = await self.add(orm, commit=commit)
          ^^^^^^^^^^^^^^^^^^^^^^^^^^^^^^^^^^
  File "/Users/mac/Documents/Stage-ML/ai-adaptive-learning-platform/backend/app/infrastructure/db/repositories/base.py", line 97, in add
    return await self.create(instance, commit=commit)
           ^^^^^^^^^^^^^^^^^^^^^^^^^^^^^^^^^^^^^^^^^^
  File "/Users/mac/Documents/Stage-ML/ai-adaptive-learning-platform/backend/app/infrastructure/db/repositories/refresh_token.py", line 21, in create
    orm = await self.add(orm, commit=commit)
          ^^^^^^^^^^^^^^^^^^^^^^^^^^^^^^^^^^
  File "/Users/mac/Documents/Stage-ML/ai-adaptive-learning-platform/backend/app/infrastructure/db/repositories/base.py", line 97, in add
    return await self.create(instance, commit=commit)
           ^^^^^^^^^^^^^^^^^^^^^^^^^^^^^^^^^^^^^^^^^^
  File "/Users/mac/Documents/Stage-ML/ai-adaptive-learning-platform/backend/app/infrastructure/db/repositories/refresh_token.py", line 21, in create
    orm = await self.add(orm, commit=commit)
          ^^^^^^^^^^^^^^^^^^^^^^^^^^^^^^^^^^
  File "/Users/mac/Documents/Stage-ML/ai-adaptive-learning-platform/backend/app/infrastructure/db/repositories/base.py", line 97, in add
    return await self.create(instance, commit=commit)
           ^^^^^^^^^^^^^^^^^^^^^^^^^^^^^^^^^^^^^^^^^^
  File "/Users/mac/Documents/Stage-ML/ai-adaptive-learning-platform/backend/app/infrastructure/db/repositories/refresh_token.py", line 21, in create
    orm = await self.add(orm, commit=commit)
          ^^^^^^^^^^^^^^^^^^^^^^^^^^^^^^^^^^
  File "/Users/mac/Documents/Stage-ML/ai-adaptive-learning-platform/backend/app/infrastructure/db/repositories/base.py", line 97, in add
    return await self.create(instance, commit=commit)
           ^^^^^^^^^^^^^^^^^^^^^^^^^^^^^^^^^^^^^^^^^^
  File "/Users/mac/Documents/Stage-ML/ai-adaptive-learning-platform/backend/app/infrastructure/db/repositories/refresh_token.py", line 21, in create
    orm = await self.add(orm, commit=commit)
          ^^^^^^^^^^^^^^^^^^^^^^^^^^^^^^^^^^
  File "/Users/mac/Documents/Stage-ML/ai-adaptive-learning-platform/backend/app/infrastructure/db/repositories/base.py", line 97, in add
    return await self.create(instance, commit=commit)
           ^^^^^^^^^^^^^^^^^^^^^^^^^^^^^^^^^^^^^^^^^^
  File "/Users/mac/Documents/Stage-ML/ai-adaptive-learning-platform/backend/app/infrastructure/db/repositories/refresh_token.py", line 21, in create
    orm = await self.add(orm, commit=commit)
          ^^^^^^^^^^^^^^^^^^^^^^^^^^^^^^^^^^
  File "/Users/mac/Documents/Stage-ML/ai-adaptive-learning-platform/backend/app/infrastructure/db/repositories/base.py", line 97, in add
    return await self.create(instance, commit=commit)
           ^^^^^^^^^^^^^^^^^^^^^^^^^^^^^^^^^^^^^^^^^^
  File "/Users/mac/Documents/Stage-ML/ai-adaptive-learning-platform/backend/app/infrastructure/db/repositories/refresh_token.py", line 21, in create
    orm = await self.add(orm, commit=commit)
          ^^^^^^^^^^^^^^^^^^^^^^^^^^^^^^^^^^
  File "/Users/mac/Documents/Stage-ML/ai-adaptive-learning-platform/backend/app/infrastructure/db/repositories/base.py", line 97, in add
    return await self.create(instance, commit=commit)
           ^^^^^^^^^^^^^^^^^^^^^^^^^^^^^^^^^^^^^^^^^^
  File "/Users/mac/Documents/Stage-ML/ai-adaptive-learning-platform/backend/app/infrastructure/db/repositories/refresh_token.py", line 21, in create
    orm = await self.add(orm, commit=commit)
          ^^^^^^^^^^^^^^^^^^^^^^^^^^^^^^^^^^
  File "/Users/mac/Documents/Stage-ML/ai-adaptive-learning-platform/backend/app/infrastructure/db/repositories/base.py", line 97, in add
    return await self.create(instance, commit=commit)
           ^^^^^^^^^^^^^^^^^^^^^^^^^^^^^^^^^^^^^^^^^^
  File "/Users/mac/Documents/Stage-ML/ai-adaptive-learning-platform/backend/app/infrastructure/db/repositories/refresh_token.py", line 21, in create
    orm = await self.add(orm, commit=commit)
          ^^^^^^^^^^^^^^^^^^^^^^^^^^^^^^^^^^
  File "/Users/mac/Documents/Stage-ML/ai-adaptive-learning-platform/backend/app/infrastructure/db/repositories/base.py", line 97, in add
    return await self.create(instance, commit=commit)
           ^^^^^^^^^^^^^^^^^^^^^^^^^^^^^^^^^^^^^^^^^^
  File "/Users/mac/Documents/Stage-ML/ai-adaptive-learning-platform/backend/app/infrastructure/db/repositories/refresh_token.py", line 21, in create
    orm = await self.add(orm, commit=commit)
          ^^^^^^^^^^^^^^^^^^^^^^^^^^^^^^^^^^
  File "/Users/mac/Documents/Stage-ML/ai-adaptive-learning-platform/backend/app/infrastructure/db/repositories/base.py", line 97, in add
    return await self.create(instance, commit=commit)
           ^^^^^^^^^^^^^^^^^^^^^^^^^^^^^^^^^^^^^^^^^^
  File "/Users/mac/Documents/Stage-ML/ai-adaptive-learning-platform/backend/app/infrastructure/db/repositories/refresh_token.py", line 21, in create
    orm = await self.add(orm, commit=commit)
          ^^^^^^^^^^^^^^^^^^^^^^^^^^^^^^^^^^
  File "/Users/mac/Documents/Stage-ML/ai-adaptive-learning-platform/backend/app/infrastructure/db/repositories/base.py", line 97, in add
    return await self.create(instance, commit=commit)
           ^^^^^^^^^^^^^^^^^^^^^^^^^^^^^^^^^^^^^^^^^^
  File "/Users/mac/Documents/Stage-ML/ai-adaptive-learning-platform/backend/app/infrastructure/db/repositories/refresh_token.py", line 21, in create
    orm = await self.add(orm, commit=commit)
          ^^^^^^^^^^^^^^^^^^^^^^^^^^^^^^^^^^
  File "/Users/mac/Documents/Stage-ML/ai-adaptive-learning-platform/backend/app/infrastructure/db/repositories/base.py", line 97, in add
    return await self.create(instance, commit=commit)
           ^^^^^^^^^^^^^^^^^^^^^^^^^^^^^^^^^^^^^^^^^^
  File "/Users/mac/Documents/Stage-ML/ai-adaptive-learning-platform/backend/app/infrastructure/db/repositories/refresh_token.py", line 21, in create
    orm = await self.add(orm, commit=commit)
          ^^^^^^^^^^^^^^^^^^^^^^^^^^^^^^^^^^
  File "/Users/mac/Documents/Stage-ML/ai-adaptive-learning-platform/backend/app/infrastructure/db/repositories/base.py", line 97, in add
    return await self.create(instance, commit=commit)
           ^^^^^^^^^^^^^^^^^^^^^^^^^^^^^^^^^^^^^^^^^^
  File "/Users/mac/Documents/Stage-ML/ai-adaptive-learning-platform/backend/app/infrastructure/db/repositories/refresh_token.py", line 21, in create
    orm = await self.add(orm, commit=commit)
          ^^^^^^^^^^^^^^^^^^^^^^^^^^^^^^^^^^
  File "/Users/mac/Documents/Stage-ML/ai-adaptive-learning-platform/backend/app/infrastructure/db/repositories/base.py", line 97, in add
    return await self.create(instance, commit=commit)
           ^^^^^^^^^^^^^^^^^^^^^^^^^^^^^^^^^^^^^^^^^^
  File "/Users/mac/Documents/Stage-ML/ai-adaptive-learning-platform/backend/app/infrastructure/db/repositories/refresh_token.py", line 21, in create
    orm = await self.add(orm, commit=commit)
          ^^^^^^^^^^^^^^^^^^^^^^^^^^^^^^^^^^
  File "/Users/mac/Documents/Stage-ML/ai-adaptive-learning-platform/backend/app/infrastructure/db/repositories/base.py", line 97, in add
    return await self.create(instance, commit=commit)
           ^^^^^^^^^^^^^^^^^^^^^^^^^^^^^^^^^^^^^^^^^^
  File "/Users/mac/Documents/Stage-ML/ai-adaptive-learning-platform/backend/app/infrastructure/db/repositories/refresh_token.py", line 21, in create
    orm = await self.add(orm, commit=commit)
          ^^^^^^^^^^^^^^^^^^^^^^^^^^^^^^^^^^
  File "/Users/mac/Documents/Stage-ML/ai-adaptive-learning-platform/backend/app/infrastructure/db/repositories/base.py", line 97, in add
    return await self.create(instance, commit=commit)
           ^^^^^^^^^^^^^^^^^^^^^^^^^^^^^^^^^^^^^^^^^^
  File "/Users/mac/Documents/Stage-ML/ai-adaptive-learning-platform/backend/app/infrastructure/db/repositories/refresh_token.py", line 21, in create
    orm = await self.add(orm, commit=commit)
          ^^^^^^^^^^^^^^^^^^^^^^^^^^^^^^^^^^
  File "/Users/mac/Documents/Stage-ML/ai-adaptive-learning-platform/backend/app/infrastructure/db/repositories/base.py", line 97, in add
    return await self.create(instance, commit=commit)
           ^^^^^^^^^^^^^^^^^^^^^^^^^^^^^^^^^^^^^^^^^^
  File "/Users/mac/Documents/Stage-ML/ai-adaptive-learning-platform/backend/app/infrastructure/db/repositories/refresh_token.py", line 21, in create
    orm = await self.add(orm, commit=commit)
          ^^^^^^^^^^^^^^^^^^^^^^^^^^^^^^^^^^
  File "/Users/mac/Documents/Stage-ML/ai-adaptive-learning-platform/backend/app/infrastructure/db/repositories/base.py", line 97, in add
    return await self.create(instance, commit=commit)
           ^^^^^^^^^^^^^^^^^^^^^^^^^^^^^^^^^^^^^^^^^^
  File "/Users/mac/Documents/Stage-ML/ai-adaptive-learning-platform/backend/app/infrastructure/db/repositories/refresh_token.py", line 21, in create
    orm = await self.add(orm, commit=commit)
          ^^^^^^^^^^^^^^^^^^^^^^^^^^^^^^^^^^
  File "/Users/mac/Documents/Stage-ML/ai-adaptive-learning-platform/backend/app/infrastructure/db/repositories/base.py", line 97, in add
    return await self.create(instance, commit=commit)
           ^^^^^^^^^^^^^^^^^^^^^^^^^^^^^^^^^^^^^^^^^^
  File "/Users/mac/Documents/Stage-ML/ai-adaptive-learning-platform/backend/app/infrastructure/db/repositories/refresh_token.py", line 21, in create
    orm = await self.add(orm, commit=commit)
          ^^^^^^^^^^^^^^^^^^^^^^^^^^^^^^^^^^
  File "/Users/mac/Documents/Stage-ML/ai-adaptive-learning-platform/backend/app/infrastructure/db/repositories/base.py", line 97, in add
    return await self.create(instance, commit=commit)
           ^^^^^^^^^^^^^^^^^^^^^^^^^^^^^^^^^^^^^^^^^^
  File "/Users/mac/Documents/Stage-ML/ai-adaptive-learning-platform/backend/app/infrastructure/db/repositories/refresh_token.py", line 21, in create
    orm = await self.add(orm, commit=commit)
          ^^^^^^^^^^^^^^^^^^^^^^^^^^^^^^^^^^
  File "/Users/mac/Documents/Stage-ML/ai-adaptive-learning-platform/backend/app/infrastructure/db/repositories/base.py", line 97, in add
    return await self.create(instance, commit=commit)
           ^^^^^^^^^^^^^^^^^^^^^^^^^^^^^^^^^^^^^^^^^^
  File "/Users/mac/Documents/Stage-ML/ai-adaptive-learning-platform/backend/app/infrastructure/db/repositories/refresh_token.py", line 21, in create
    orm = await self.add(orm, commit=commit)
          ^^^^^^^^^^^^^^^^^^^^^^^^^^^^^^^^^^
  File "/Users/mac/Documents/Stage-ML/ai-adaptive-learning-platform/backend/app/infrastructure/db/repositories/base.py", line 97, in add
    return await self.create(instance, commit=commit)
           ^^^^^^^^^^^^^^^^^^^^^^^^^^^^^^^^^^^^^^^^^^
  File "/Users/mac/Documents/Stage-ML/ai-adaptive-learning-platform/backend/app/infrastructure/db/repositories/refresh_token.py", line 21, in create
    orm = await self.add(orm, commit=commit)
          ^^^^^^^^^^^^^^^^^^^^^^^^^^^^^^^^^^
  File "/Users/mac/Documents/Stage-ML/ai-adaptive-learning-platform/backend/app/infrastructure/db/repositories/base.py", line 97, in add
    return await self.create(instance, commit=commit)
           ^^^^^^^^^^^^^^^^^^^^^^^^^^^^^^^^^^^^^^^^^^
  File "/Users/mac/Documents/Stage-ML/ai-adaptive-learning-platform/backend/app/infrastructure/db/repositories/refresh_token.py", line 21, in create
    orm = await self.add(orm, commit=commit)
          ^^^^^^^^^^^^^^^^^^^^^^^^^^^^^^^^^^
  File "/Users/mac/Documents/Stage-ML/ai-adaptive-learning-platform/backend/app/infrastructure/db/repositories/base.py", line 97, in add
    return await self.create(instance, commit=commit)
           ^^^^^^^^^^^^^^^^^^^^^^^^^^^^^^^^^^^^^^^^^^
  File "/Users/mac/Documents/Stage-ML/ai-adaptive-learning-platform/backend/app/infrastructure/db/repositories/refresh_token.py", line 21, in create
    orm = await self.add(orm, commit=commit)
          ^^^^^^^^^^^^^^^^^^^^^^^^^^^^^^^^^^
  File "/Users/mac/Documents/Stage-ML/ai-adaptive-learning-platform/backend/app/infrastructure/db/repositories/base.py", line 97, in add
    return await self.create(instance, commit=commit)
           ^^^^^^^^^^^^^^^^^^^^^^^^^^^^^^^^^^^^^^^^^^
  File "/Users/mac/Documents/Stage-ML/ai-adaptive-learning-platform/backend/app/infrastructure/db/repositories/refresh_token.py", line 21, in create
    orm = await self.add(orm, commit=commit)
          ^^^^^^^^^^^^^^^^^^^^^^^^^^^^^^^^^^
  File "/Users/mac/Documents/Stage-ML/ai-adaptive-learning-platform/backend/app/infrastructure/db/repositories/base.py", line 97, in add
    return await self.create(instance, commit=commit)
           ^^^^^^^^^^^^^^^^^^^^^^^^^^^^^^^^^^^^^^^^^^
  File "/Users/mac/Documents/Stage-ML/ai-adaptive-learning-platform/backend/app/infrastructure/db/repositories/refresh_token.py", line 21, in create
    orm = await self.add(orm, commit=commit)
          ^^^^^^^^^^^^^^^^^^^^^^^^^^^^^^^^^^
  File "/Users/mac/Documents/Stage-ML/ai-adaptive-learning-platform/backend/app/infrastructure/db/repositories/base.py", line 97, in add
    return await self.create(instance, commit=commit)
           ^^^^^^^^^^^^^^^^^^^^^^^^^^^^^^^^^^^^^^^^^^
  File "/Users/mac/Documents/Stage-ML/ai-adaptive-learning-platform/backend/app/infrastructure/db/repositories/refresh_token.py", line 21, in create
    orm = await self.add(orm, commit=commit)
          ^^^^^^^^^^^^^^^^^^^^^^^^^^^^^^^^^^
  File "/Users/mac/Documents/Stage-ML/ai-adaptive-learning-platform/backend/app/infrastructure/db/repositories/base.py", line 97, in add
    return await self.create(instance, commit=commit)
           ^^^^^^^^^^^^^^^^^^^^^^^^^^^^^^^^^^^^^^^^^^
  File "/Users/mac/Documents/Stage-ML/ai-adaptive-learning-platform/backend/app/infrastructure/db/repositories/refresh_token.py", line 21, in create
    orm = await self.add(orm, commit=commit)
          ^^^^^^^^^^^^^^^^^^^^^^^^^^^^^^^^^^
  File "/Users/mac/Documents/Stage-ML/ai-adaptive-learning-platform/backend/app/infrastructure/db/repositories/base.py", line 97, in add
    return await self.create(instance, commit=commit)
           ^^^^^^^^^^^^^^^^^^^^^^^^^^^^^^^^^^^^^^^^^^
  File "/Users/mac/Documents/Stage-ML/ai-adaptive-learning-platform/backend/app/infrastructure/db/repositories/refresh_token.py", line 21, in create
    orm = await self.add(orm, commit=commit)
          ^^^^^^^^^^^^^^^^^^^^^^^^^^^^^^^^^^
  File "/Users/mac/Documents/Stage-ML/ai-adaptive-learning-platform/backend/app/infrastructure/db/repositories/base.py", line 97, in add
    return await self.create(instance, commit=commit)
           ^^^^^^^^^^^^^^^^^^^^^^^^^^^^^^^^^^^^^^^^^^
  File "/Users/mac/Documents/Stage-ML/ai-adaptive-learning-platform/backend/app/infrastructure/db/repositories/refresh_token.py", line 21, in create
    orm = await self.add(orm, commit=commit)
          ^^^^^^^^^^^^^^^^^^^^^^^^^^^^^^^^^^
  File "/Users/mac/Documents/Stage-ML/ai-adaptive-learning-platform/backend/app/infrastructure/db/repositories/base.py", line 97, in add
    return await self.create(instance, commit=commit)
           ^^^^^^^^^^^^^^^^^^^^^^^^^^^^^^^^^^^^^^^^^^
  File "/Users/mac/Documents/Stage-ML/ai-adaptive-learning-platform/backend/app/infrastructure/db/repositories/refresh_token.py", line 21, in create
    orm = await self.add(orm, commit=commit)
          ^^^^^^^^^^^^^^^^^^^^^^^^^^^^^^^^^^
  File "/Users/mac/Documents/Stage-ML/ai-adaptive-learning-platform/backend/app/infrastructure/db/repositories/base.py", line 97, in add
    return await self.create(instance, commit=commit)
           ^^^^^^^^^^^^^^^^^^^^^^^^^^^^^^^^^^^^^^^^^^
  File "/Users/mac/Documents/Stage-ML/ai-adaptive-learning-platform/backend/app/infrastructure/db/repositories/refresh_token.py", line 21, in create
    orm = await self.add(orm, commit=commit)
          ^^^^^^^^^^^^^^^^^^^^^^^^^^^^^^^^^^
  File "/Users/mac/Documents/Stage-ML/ai-adaptive-learning-platform/backend/app/infrastructure/db/repositories/base.py", line 97, in add
    return await self.create(instance, commit=commit)
           ^^^^^^^^^^^^^^^^^^^^^^^^^^^^^^^^^^^^^^^^^^
  File "/Users/mac/Documents/Stage-ML/ai-adaptive-learning-platform/backend/app/infrastructure/db/repositories/refresh_token.py", line 21, in create
    orm = await self.add(orm, commit=commit)
          ^^^^^^^^^^^^^^^^^^^^^^^^^^^^^^^^^^
  File "/Users/mac/Documents/Stage-ML/ai-adaptive-learning-platform/backend/app/infrastructure/db/repositories/base.py", line 97, in add
    return await self.create(instance, commit=commit)
           ^^^^^^^^^^^^^^^^^^^^^^^^^^^^^^^^^^^^^^^^^^
  File "/Users/mac/Documents/Stage-ML/ai-adaptive-learning-platform/backend/app/infrastructure/db/repositories/refresh_token.py", line 21, in create
    orm = await self.add(orm, commit=commit)
          ^^^^^^^^^^^^^^^^^^^^^^^^^^^^^^^^^^
  File "/Users/mac/Documents/Stage-ML/ai-adaptive-learning-platform/backend/app/infrastructure/db/repositories/base.py", line 97, in add
    return await self.create(instance, commit=commit)
           ^^^^^^^^^^^^^^^^^^^^^^^^^^^^^^^^^^^^^^^^^^
  File "/Users/mac/Documents/Stage-ML/ai-adaptive-learning-platform/backend/app/infrastructure/db/repositories/refresh_token.py", line 21, in create
    orm = await self.add(orm, commit=commit)
          ^^^^^^^^^^^^^^^^^^^^^^^^^^^^^^^^^^
  File "/Users/mac/Documents/Stage-ML/ai-adaptive-learning-platform/backend/app/infrastructure/db/repositories/base.py", line 97, in add
    return await self.create(instance, commit=commit)
           ^^^^^^^^^^^^^^^^^^^^^^^^^^^^^^^^^^^^^^^^^^
  File "/Users/mac/Documents/Stage-ML/ai-adaptive-learning-platform/backend/app/infrastructure/db/repositories/refresh_token.py", line 21, in create
    orm = await self.add(orm, commit=commit)
          ^^^^^^^^^^^^^^^^^^^^^^^^^^^^^^^^^^
  File "/Users/mac/Documents/Stage-ML/ai-adaptive-learning-platform/backend/app/infrastructure/db/repositories/base.py", line 97, in add
    return await self.create(instance, commit=commit)
           ^^^^^^^^^^^^^^^^^^^^^^^^^^^^^^^^^^^^^^^^^^
  File "/Users/mac/Documents/Stage-ML/ai-adaptive-learning-platform/backend/app/infrastructure/db/repositories/refresh_token.py", line 21, in create
    orm = await self.add(orm, commit=commit)
          ^^^^^^^^^^^^^^^^^^^^^^^^^^^^^^^^^^
  File "/Users/mac/Documents/Stage-ML/ai-adaptive-learning-platform/backend/app/infrastructure/db/repositories/base.py", line 97, in add
    return await self.create(instance, commit=commit)
           ^^^^^^^^^^^^^^^^^^^^^^^^^^^^^^^^^^^^^^^^^^
  File "/Users/mac/Documents/Stage-ML/ai-adaptive-learning-platform/backend/app/infrastructure/db/repositories/refresh_token.py", line 21, in create
    orm = await self.add(orm, commit=commit)
          ^^^^^^^^^^^^^^^^^^^^^^^^^^^^^^^^^^
  File "/Users/mac/Documents/Stage-ML/ai-adaptive-learning-platform/backend/app/infrastructure/db/repositories/base.py", line 97, in add
    return await self.create(instance, commit=commit)
           ^^^^^^^^^^^^^^^^^^^^^^^^^^^^^^^^^^^^^^^^^^
  File "/Users/mac/Documents/Stage-ML/ai-adaptive-learning-platform/backend/app/infrastructure/db/repositories/refresh_token.py", line 21, in create
    orm = await self.add(orm, commit=commit)
          ^^^^^^^^^^^^^^^^^^^^^^^^^^^^^^^^^^
  File "/Users/mac/Documents/Stage-ML/ai-adaptive-learning-platform/backend/app/infrastructure/db/repositories/base.py", line 97, in add
    return await self.create(instance, commit=commit)
           ^^^^^^^^^^^^^^^^^^^^^^^^^^^^^^^^^^^^^^^^^^
  File "/Users/mac/Documents/Stage-ML/ai-adaptive-learning-platform/backend/app/infrastructure/db/repositories/refresh_token.py", line 21, in create
    orm = await self.add(orm, commit=commit)
          ^^^^^^^^^^^^^^^^^^^^^^^^^^^^^^^^^^
  File "/Users/mac/Documents/Stage-ML/ai-adaptive-learning-platform/backend/app/infrastructure/db/repositories/base.py", line 97, in add
    return await self.create(instance, commit=commit)
           ^^^^^^^^^^^^^^^^^^^^^^^^^^^^^^^^^^^^^^^^^^
  File "/Users/mac/Documents/Stage-ML/ai-adaptive-learning-platform/backend/app/infrastructure/db/repositories/refresh_token.py", line 21, in create
    orm = await self.add(orm, commit=commit)
          ^^^^^^^^^^^^^^^^^^^^^^^^^^^^^^^^^^
  File "/Users/mac/Documents/Stage-ML/ai-adaptive-learning-platform/backend/app/infrastructure/db/repositories/base.py", line 97, in add
    return await self.create(instance, commit=commit)
           ^^^^^^^^^^^^^^^^^^^^^^^^^^^^^^^^^^^^^^^^^^
  File "/Users/mac/Documents/Stage-ML/ai-adaptive-learning-platform/backend/app/infrastructure/db/repositories/refresh_token.py", line 20, in create
    orm = RefreshModel(token=token.token, user_id=token.user_id, expires_at=token.expires_at, revoked=token.revoked)
          ^^^^^^^^^^^^^^^^^^^^^^^^^^^^^^^^^^^^^^^^^^^^^^^^^^^^^^^^^^^^^^^^^^^^^^^^^^^^^^^^^^^^^^^^^^^^^^^^^^^^^^^^^^
  File "<string>", line 4, in __init__
  File "/Users/mac/.pyenv/versions/3.11.9/lib/python3.11/site-packages/sqlalchemy/orm/state.py", line 596, in _initialize_instance
    with util.safe_reraise():
  File "/Users/mac/.pyenv/versions/3.11.9/lib/python3.11/site-packages/sqlalchemy/util/langhelpers.py", line 122, in __exit__
    raise exc_value.with_traceback(exc_tb)
  File "/Users/mac/.pyenv/versions/3.11.9/lib/python3.11/site-packages/sqlalchemy/orm/state.py", line 594, in _initialize_instance
    manager.original_init(*mixed[1:], **kwargs)
  File "/Users/mac/.pyenv/versions/3.11.9/lib/python3.11/site-packages/sqlalchemy/orm/decl_base.py", line 2182, in _declarative_constructor
    setattr(self, k, kwargs[k])
  File "/Users/mac/.pyenv/versions/3.11.9/lib/python3.11/site-packages/sqlalchemy/orm/attributes.py", line 540, in __set__
    self.impl.set(
  File "/Users/mac/.pyenv/versions/3.11.9/lib/python3.11/site-packages/sqlalchemy/orm/attributes.py", line 1290, in set
    state._modified_event(dict_, self, old)
  File "/Users/mac/.pyenv/versions/3.11.9/lib/python3.11/site-packages/sqlalchemy/orm/state.py", line 926, in _modified_event
    instance_dict = self._instance_dict()
                    ^^^^^^^^^^^^^^^^^^^^^
RecursionError: maximum recursion depth exceeded
INFO:     127.0.0.1:50447 - "GET /auth HTTP/1.1" 404 Not Found
INFO:     127.0.0.1:50447 - "GET /favicon.ico HTTP/1.1" 404 Not Found
INFO:     127.0.0.1:50447 - "GET / HTTP/1.1" 404 Not Found
